id,core
crd_7b8a887fbfda4b869f7529f31da115f6,not_legal
crd_f17c60d077554d25b50fd934061b2e32,not_legal
crd_59aa66bcac7b43528a3c9c01f4bc1124,not_legal
crd_582917ea24ef4aa4a6921fcbe55d0100,not_legal
crd_88538250940d4c2c8b56b60aaeb07674,not_legal
crd_a3462450711a4425947830aa8a6039bf,not_legal
crd_166f05d54db54c06813b6dbb7693255d,not_legal
crd_4e3967f948654fc9a2d9595743e1709f,not_legal
crd_39972f3e75a3417488662b70443b3164,not_legal
crd_65868398266f4f95944543e1568bf043,not_legal
crd_5976c98ec3d145c686c0c1d5042a8ca2,not_legal
crd_68660de4a81d4426acdb185e3ff4813a,not_legal
crd_f20ba045e5754b24b0c431115ab83dd8,not_legal
crd_b0c8c37c12834fa1b2b7d831b172ff0c,not_legal
crd_17a352bad7df43d2bfd36a9c2c475c6c,not_legal
crd_c01f3a4124be48dbb77aaa45281e74ba,not_legal
crd_07af0c79c9fe46728b147454f273deac,not_legal
crd_a0d0572121974dd1afc318bb0fd0907e,not_legal
crd_43a7721fdfb145f8a5216c85da2c77ec,not_legal
crd_a94b5e02de4a43bdba60303fffe3d20f,not_legal
crd_4557d5bc41de40728df0ebbbdce4787f,not_legal
crd_6656edfc61dd4cc0846fee37f6c8e7b9,not_legal
crd_8497d60197bd451c91b4c2468f85b156,not_legal
crd_19217586b3924276aa8996d318f83139,not_legal
crd_5de4864e187a4039b3e47b6ada93b801,not_legal
crd_91292f4ca0684baf9ed9715bf7caa07a,not_legal
crd_a9d39ce276fd4f1b9435d1bb1d09559c,not_legal
crd_128b29d2aef043efb62b2fb63189c4ca,not_legal
crd_be7a93b4b99b4a8b9da63fd956fa3c86,not_legal
crd_cf72db3ded534d7086fb4ead70250f95,not_legal
crd_d4d40d9e539442f592da01b640e440a7,not_legal
crd_4251575ec547497da73676a6a09c8872,not_legal
crd_a631b5ead5b34dd4b89ae313a3dcbd1d,not_legal
crd_2fd6877d711c45f68ad61690d224306a,not_legal
crd_c9365d1b256c4d0fa0600686f72b6f3b,not_legal
crd_856fe3c718b544ba808b79a6811bca02,not_legal
crd_cb73a29ef0e94fdb80188902527c5d86,not_legal
crd_8a0ce27bd434498ba454be0571e58c5b,not_legal
crd_c695077508c44d728ac42c65ac8c97ab,not_legal
crd_6fbd9103624b4b8d95fec133326385c7,not_legal
crd_617dc5c42bf6460da3d61a1f330186bf,not_legal
crd_2f12cdedeefb448eb412128fb4a80fc7,not_legal
crd_ea5cca0b6f8747b8a438b6cdced02d93,not_legal
crd_034ca9ad96044d5297e30286fbd64ecb,not_legal
crd_92d831ee2e5b430a9bbbcf7d684bbd57,not_legal
crd_65425d8d8a8447d98f4571b7e42c8782,not_legal
crd_6cd588941df64ee2a38738b7f7e23c6a,not_legal
crd_99ced91e0cc94c6cb0be7bf655372dfd,not_legal
crd_1419caf47da54560bbafd279ca6cfc4b,not_legal
crd_dc31d36d626f403b871338da45d0a685,not_legal
crd_00d0840f303c41b1868ce427b9aaf837,not_legal
crd_97344330887a427fb7f2cbb01b7a3f0c,not_legal
crd_9a41d700cf2749da8eed29420df7467c,not_legal
crd_d84325bc9e814a69b6789f424c3a1eb8,not_legal
crd_997d20bbd2204f4a8cd9670598d8405c,not_legal
crd_02c20f35d83f4d6094a4427dae0c821f,not_legal
crd_c6f28ec2e7a94ce0901675915ba9ff7c,not_legal
crd_421a2dfb847b406fb91556a8ee090423,not_legal
crd_374115dba006482aa076efca3e52635a,not_legal
crd_6b0de2d0a5b84b5f852ba2a8eccd1a17,not_legal
crd_5cbbabaf0d9f4ad58c942174904a1d8f,not_legal
crd_9bc0e3add087485a927ee66c7414802d,not_legal
crd_d7336a7cef10416793a025c24ffc28a0,not_legal
crd_bb8cbf92bd50483b979bd9ad606987ae,not_legal
crd_2a6593b0affd4fbb8860ab6b3b131a50,not_legal
crd_075482312a124f6585f77be3a693f63f,not_legal
crd_030f9799a2ef4cc0afedc46a03650e70,not_legal
crd_107f43772b78405f8a4fb587e8279d14,not_legal
crd_9119b44cfe67444288a32f23009541e8,not_legal
crd_3aa1cf07954647c89708b98355e6c976,not_legal
crd_44fceab89d3a4b40bd343c2c84a5cca3,not_legal
crd_efcb250575354ffd8cdce9e8c45d52bf,not_legal
crd_2331f6d883e04464ba99cfff895683e2,not_legal
crd_f20b9f97af684d8e84eb6b017eabd8d5,not_legal
crd_9cbf437511cf41c7b61f04f01a22c39e,not_legal
crd_7c33f5d581a4424f97da41b37ef8f723,not_legal
crd_8c75431635854114b956328d8d30aa10,not_legal
crd_aab30247315a46debf548693f0b814c0,not_legal
crd_e2546a2e03c8442aba30fd09105e54db,not_legal
crd_466a67ed11c64db5962523365e633f0d,not_legal
crd_9aa8f725b1184ad1ab93f2c138625077,not_legal
crd_23e456f99c354c9892c90d72d6992bcb,not_legal
crd_11902901f7364369970762d49a1a760d,not_legal
crd_ad218b44923244058918299a897f9e4c,not_legal
crd_582e975ec5b64cb7be3e406585a05a6d,not_legal
crd_3463916fe4e54939a91ee57a62d50ba2,not_legal
crd_c089296aad2d4e4c86c0225be686795b,not_legal
crd_c53a704a909445f5b2837b51f29faa47,not_legal
crd_228ea83f82c34ee6a0df937dd8efe3f4,not_legal
crd_94afdca365e64d8ba0d826076fc4448e,not_legal
crd_1ee71443799d40dfb924b0c0f041ea5d,not_legal
crd_479312aef4f4411f8bd173c113ab31f4,not_legal
crd_5406218b8d7a41a68bdf0be3029acf05,not_legal
crd_7ce20e98d86e43eaaf8c525c60f4086c,not_legal
crd_b87dd2f01e364f679975158dd2637a6d,not_legal
crd_b2f167a1614348f194ac43b390bd7fe1,not_legal
crd_7b4400dc0c6b407083fd848dd281e6d8,not_legal
crd_1ed3d03ca8724920aa9dccede9e08900,not_legal
crd_6d0654972afb4eb581136a391d3f967b,not_legal
crd_9d508f285a934e1fbdd5182fc46734b9,not_legal
crd_766de0c1ae8b4e5da1ecd7740eb5feb8,not_legal
crd_2f052175c77d4035b1e261bf1675aee8,not_legal
crd_2baa971c1cbf4f349f4d343cd97010d5,not_legal
crd_c71e324054e14edfa3df845b31689f31,not_legal
crd_46799cbfa9fd48629572bf3851c598af,not_legal
crd_e093d909d79f4dd5baaccae93139c95b,not_legal
crd_8ca524116c8e486f99597ca9a67b803b,not_legal
crd_f0088a27ad794105a7a6858c5f32e3a8,not_legal
crd_6c12ae52fc6c4244b1f638ff2102bf59,not_legal
crd_cfd767c1ed88437486b41bb5670ccc1c,not_legal
crd_2f6b3b92c227489ab785e1d828ea5f44,not_legal
crd_8f39dbce50c045b49ae76f290eedd29c,not_legal
crd_df8f4f463d6e4b7483db0bfccd609059,not_legal
crd_4b053bdcc56546798dfd962d892a3630,not_legal
crd_01d728f9a98643378187ab0151a89b06,not_legal
crd_7873f8596eef4066bc23325ceeedcfd8,not_legal
crd_772912bd2bb0469890adfcc1b3eedd61,not_legal
crd_97ffca1bcf534de0ae272cbe065245f8,not_legal
crd_a5acdc20f6a54938be2874ab080a9053,not_legal
crd_0e20ed4554c44df494fcf78ac9ce0239,not_legal
crd_ea56665b30604ff0977e95ad7442f5f5,not_legal
crd_a545a0ceb41d4f2583bdc22226df0e31,not_legal
crd_bb6785f344ac4b43812ed03ffe3793af,not_legal
crd_5123478aad6349f1a3f4500b31bc7d5e,not_legal
crd_aace3808bd9f445195dceec7b4fe87e9,not_legal
crd_edb66d70e4d743b9927bd431e8aaedf7,not_legal
crd_eea9acebbeb6449a8cc03786f5bca24d,not_legal
crd_abdee4f2746b40b48c29ea5f3da815b2,not_legal
crd_025d33fc4b0c45caabfa10a108e46acd,not_legal
crd_d388e59bbe7d4da98d3779993a350b4c,not_legal
crd_d65c18ee25cd417bbb2c14e01f2a69a5,not_legal
crd_3f429b4816d0421cb951261fa3552a95,not_legal
crd_2543ac0748a945e3a4a68ef2f90e2feb,not_legal
crd_b9c345526a994ae88d5832aac9f083b9,not_legal
crd_5b57ee130c204b778df487c9826834c1,not_legal
crd_5c09e6638f7f4eccaa8ae9cf545702cc,not_legal
crd_7dd1be4d36094e6a9429298fb6a2d7df,not_legal
crd_a881e85e281f4e3abe2fbf0437a5c159,not_legal
crd_64b2156407ef4b99a1636bf189825eaa,not_legal
crd_7394b4b887f3447dae760121d9ddef7b,not_legal
crd_975737e961724e1983ed15fa1f6fbb33,not_legal
crd_5fe66ed6c5c842ac9e0ea2eba5ca3a4f,not_legal
crd_aa952f818e964c30b5d4be10e3654474,not_legal
crd_b513512cb8c04917ae7d0cbe7e1aa355,not_legal
crd_4aa4ce170d6840e393a1ffd6c44d96ee,not_legal
crd_e4908765126742488bab30dd0beb2c12,not_legal
crd_6e547f6533974321a1eb89579e98cac0,not_legal
crd_cbd38ca5b3b04da382b8aa2b3da66adb,not_legal
crd_40ef816e4c7a43cba37bb9f51a586626,not_legal
crd_48304fa82c024098bf755ea123884358,not_legal
crd_57018dbc35d34f65ab2480f09404907d,not_legal
crd_6e0ebfc57c174717baae1a0ec2a16830,not_legal
crd_3a009848a04944aba8e7402d221c897c,not_legal
crd_7115d5f5c2604ff08596a89ef6574d19,not_legal
crd_d27f3196f81b4b17a0134b39608aefe7,not_legal
crd_b846145aa8e84e80a877721741b41f50,not_legal
crd_982364cf0c5f42ee9ba82a335bf674b5,not_legal
crd_fbf237baa9744eb19ca3d4e6c280d587,not_legal
crd_ac870f32bf614f27a7b0c0bdf88837fe,not_legal
crd_c2ee125c29104a138b2a26608d6849c1,not_legal
crd_dc30f4ddffb84e7daf742ee323cfb552,not_legal
crd_a9c9c9ba97d94ac48f2a141e17b96230,not_legal
crd_049739e69c034e898c3c48abd37544cc,not_legal
crd_82a7bdb095d2477bbad45e524ad4a7dd,not_legal
crd_21d32224cf9f452ab94f70d9a2b40d79,not_legal
crd_edfd3ef020dd41d5b1733088bdf2c991,not_legal
crd_bb181c94e74a4e6e8983a33275b59f55,not_legal
crd_f19a04399d3d44a9b9e346a4ee4741a4,not_legal
crd_d6deefa8519c46a39b105b62d7b857f4,not_legal
crd_b499c66fd5104b3a994c3a6bd51ba692,not_legal
crd_6df56dd3dbb5471589800f12bba4eb46,not_legal
crd_af36de00a5544c83989f3295612c0bbf,not_legal
crd_c2b1ec76c46f4bc795726d2c2113e478,not_legal
crd_0b5dcdce945a404395b6c65a894ecf6d,not_legal
crd_7ee0b368f69e45f7832d164a926951ff,not_legal
crd_6a19afc00c8b45769267ad82f20e0929,not_legal
crd_426eee4c74d74ab08c77aea2b5640760,not_legal
crd_3071dce7efaf4e139b192b2e026b2999,not_legal
crd_d9abb9a8a381433486a5da9e3173de4b,not_legal
crd_1c5e7d4a006c4736baf5e602734fec5b,not_legal
crd_fef968cf2e0d47fbb8f241fa7d91fd27,not_legal
crd_7bea7155c9164c43949d5e4031b5d810,not_legal
crd_88c973fe2a114a198654133896a022b7,not_legal
crd_ccc37a7514f24045ad1e2c6cff286e6f,not_legal
crd_bd9c0c2fd69e467c82c247d1733c0d19,not_legal
crd_0b42ad3a223046c0a3807f04c58a552e,not_legal
crd_59714153da7e4a6884f25a5c5edad2c1,not_legal
crd_0e199ab83f22428784550f317e16fefd,not_legal
crd_4ab60bc408c44708b7f820348cad85c5,not_legal
crd_6c49377313ce45b683987dbd03936467,not_legal
crd_f6c83c36dbe04bdcb19ee7bd9d0479cd,not_legal
crd_3594674864b745f3830c15e72a221bf5,not_legal
crd_b3029d9bf3ee4b7c8bf5cd2403f0b2f5,not_legal
crd_10eefc9e8b2943c0a29f6e19a1c114a0,not_legal
crd_ab3a202cb90a43beac5943ac4baad67a,not_legal
crd_139b6ae1e1c04ea0aef5ef864e8ed14b,not_legal
crd_7f56bbeab3ce4593beb4feea23724b82,not_legal
crd_35df29e6893942a38a14f775719ce522,not_legal
crd_178a79a0d95a433d9a6add9dccca0730,not_legal
crd_4d8747b6f80e4bc5a39ace7edc6df9da,not_legal
crd_513288f8ceec405e9b17fafcb0f5523a,not_legal
crd_2ae2d2f7e846489a802db83587a26fc3,not_legal
crd_dc9cd90360a14c2488e647a1934a17bb,not_legal
crd_25d8f80f68574d38869b7853d737e8e2,not_legal
crd_c1cd26316f4948a382770ffb29440699,not_legal
crd_4dfb12a1e5844317a783074a548bc8c7,not_legal
crd_60630688715e45079236d447087a9a83,not_legal
crd_d5432572fd3d4dfc95b01b682c71943c,not_legal
crd_b8f5f89ae4fa49e29637b1fffd9c9e4c,not_legal
crd_66c2f5fd704b45bdbe79f585ac31d6fc,not_legal
crd_21bfac43fba64c06ab62139f3befd6c1,not_legal
crd_03fecbc6607a4948a586ccf4f0915c79,not_legal
crd_b29e4a26e9324724aab37e97a7738476,not_legal
crd_b1ea1c67fc224e968a4906149590585c,not_legal
crd_865641f3cac34a65a36bb2404f4e39dd,not_legal
crd_37f652aa15934d2b9bd7ad15eb18bbfb,not_legal
crd_ae7e15af9559439ba734caac9aa567e5,not_legal
crd_7a1524eb2f994287ab6de2e677431724,not_legal
crd_c75fe9ce070a454696dd8d42c6931c68,not_legal
crd_98e2f67c2ee14092be9f89b31f20db4e,not_legal
crd_eb10018264004dc59f9bf0f31295d757,not_legal
crd_c343d1fc29f3491f95bb460c90e081a7,not_legal
crd_01d7e6fed9f74da6910769c8b8780f17,legal
crd_49923766da0445deab289bad2cde7662,legal
crd_5526a660684f4be1a1abdbd210e754b2,legal
crd_ea580b2aaa374dff847750dee360b51b,legal
crd_a0a1e1bb99794f04991929ced6001ae8,legal
crd_8de3ae21bca6455bb44da9803af19ea8,legal
crd_e18e96745a00405d8e927f8d4c75dc72,legal
crd_8d986fbd95984691b7fe1a27a5e110bc,legal
crd_b2e4820cbbda4610b54f3e9c00fa4576,not_legal
crd_9093f79568f941ccaf0f4708a1b74133,not_legal
crd_2867c1fd1a954efabc42975882f5be8c,legal
crd_b00e336742ab4743850d9927c06c7c6e,legal
crd_58705a75ce1c4f19aabe741129079750,legal
crd_97f8be5e176144378d58823c6f9c29c7,legal
crd_2ecfea1cd29e41618fda08362f460bdc,legal
crd_82e9ddd673ac49919082b20bcb77abbd,legal
crd_cb48f84437c6466281d05da11bcef9fc,legal
crd_69bb8a1a94dc429c91610c92a7108dbb,legal
crd_3ff14fbe696348d281fb1974bdcd8e5f,legal
crd_0f90f3b193fa44789e5abeb293636e4f,legal
crd_edeffddbafd54b319a0f9bf65a1480b5,legal
crd_885f1f8ac17a447fa3c9f7b668fa8663,legal
crd_a6d0aaef05744b279192132d481af4be,legal
crd_a2bdf443390f4009bed7f162badd841c,legal
crd_748599af9c8e4272b5f2926597a405ba,legal
crd_fbdc035fda194814bd934292d2e78c13,legal
crd_07dfc12012794405ad72a71f1a738c5d,legal
crd_d087e066b0484bf9aed46a182f60f0ff,legal
crd_a1c95bf6c8744ccaa5ff363453aa8716,legal
crd_f478c96f7b1b45b790d74395480da563,legal
crd_02f6ca615a304f47848ac36590cb7b94,legal
crd_f405327bb31a4ca0880e91e09bf5893a,legal
crd_fcdb51245c0a468896166eb745d1cf55,legal
crd_deb260b9c0d5473f9ce8685415520940,legal
crd_2e4b186b853e4bd7b5d3144645efd6a1,legal
crd_136ffadfd42e4f968a125c32a8d18591,legal
crd_e989edbf82194e8e9f4bd73426377d57,legal
crd_56003cfee81148e9a2ceebe4136e4e06,legal
crd_d1f9df5413484ad6975ba55243e4804e,legal
crd_c6998d2082d348b18f01e8a90afde5f1,legal
crd_5364fdf0cf144ac38d2d7c824f8cc72f,legal
crd_54e5e880c70e4e2bb68cc318a7d47e34,legal
crd_46df24a1b90a460d8572440c007f0af5,legal
crd_925579c341974d16b613c348efe8df5e,legal
crd_e46266028977431da15b820d9f665664,legal
crd_b9ecaeeeee5a467ea41b58edda3b8f13,legal
crd_c73b3306eee042a0a17938812b0a564a,legal
crd_ed1ca708595f44a49f40680e20635ff5,legal
crd_df136840866d426db031332e34942735,legal
crd_bda38dbbd3974a5bb53bc91853faa172,legal
crd_96b06169bec644898473633766c5e534,legal
crd_54d0edb01460400e9612bebf555aa2f1,legal
crd_fabf6b8091ab49a1b2dccff0b1bb66ab,legal
crd_c6206520d53f48a7ba4b32af8ca6cf66,legal
crd_a8ac3c9400574fac83d320e3c4bd6e49,legal
crd_021972513f684c6185280e93fa2f41ef,legal
crd_d8f0d093ffa743e48801e90e1b98cf14,legal
crd_bf44f442286c4b5fa783412ae85c3b58,legal
crd_9b1e3b67709f41c58130599854495ff5,legal
crd_5bb1d62852d74227a37ae937c075eef0,legal
crd_308bd5ecd73f4d26af79fb786fab2eea,legal
crd_1613e74208754e64b862c2a8b28add19,legal
crd_fc52c08c7f254d8cb1e54150de516407,legal
crd_177102be31464591b1637a5b9b2b5aca,legal
crd_ffec4fba40d948dc8cd4f54b5f9897a9,legal
crd_7c8f8f0af4fb4d6087a414c04c0fca4c,legal
crd_835c907af9be4b9d93b301eb3324b83e,legal
crd_444d8b9e59e44e919534ccc79bd66d85,legal
crd_a3263d84bb5645f3974b837b717d50f5,legal
crd_67c15e1a10e04510a5f6c78cf9119e22,legal
crd_8af5e037a64f41e58380427a86148bb5,legal
crd_8b9133c809b04113a3b464d0f1c2ca82,legal
crd_ef7ea6ffd33a4557961b74ea45e095d4,legal
crd_f3f30e7e137c4336a2551abfa4b4eeaf,legal
crd_7a47845bdb01452e9faae9028fb22eeb,legal
crd_13df9fbee1d6457f8d4ca866073d28d3,legal
crd_716a89f3b6cf4f57b66888fd4166d1df,legal
crd_5008b128a011481396f80e0c9c5424bc,legal
crd_4ae1ca3505fc492eb6e4310ae36f3ba3,legal
crd_5ac4816ce7b240db942b5963a8db9909,legal
crd_a4f0a9a928674b2a93d17f7c81eb09d7,legal
crd_d9a1c24b8bf4469f8535e75c38cf61f7,legal
crd_1406e73a81ad4687ad3e502447d21287,legal
crd_25aa34175eeb4f30bbb9199f46040395,legal
crd_566472b873bc4f0caf367e8bc583e92e,legal
crd_ba452763794342109447ecb7b492d919,legal
crd_f6b07239b4384329b151160a80691d1b,legal
crd_bd43b98b4db44fc49f0aea4790ad393a,legal
crd_43db4d680b1c4ea7a375334266b28294,legal
crd_d3950786da4a4d3497090ce82253a144,legal
crd_e672bba7d4c5402f82d9360fca1594f5,legal
crd_04851c839e844359bfe6a0fa70158d38,legal
crd_8745424825aa4fa6840fbb0a19711247,legal
crd_1ab44dc7b1b1406ea256eb308fb857f5,legal
crd_be70d689335140bdadcde5f5356e169d,legal
crd_d4d29339b89f4a0aaeeb42f533e6fbbc,legal
crd_1af5228c0d75411ebc9eccf5cae1c086,legal
crd_4d6d0cbb004e486c8d038d3818d668a1,legal
crd_45b441afc5ff420f85eb9732b8b8e0c4,legal
crd_8ab16485ed264e15b2e70a3ff7d97ce0,legal
crd_5aab3c53b77844b2921a280dfe53bdaa,legal
crd_92c7a997ed6f441a807e91c8bd5aa470,legal
crd_a9fd85371b4f4a45bb279981167941d1,legal
crd_00735a560a294b3d9be2ca39fe1385a6,legal
crd_00dafa7609fb42d2a1a8e4e81e79474a,legal
crd_957cb3e7fff94353971bea94f4d0f154,legal
crd_ad676278d4e74481af58729c5c986b7b,legal
crd_86e375807dee4e26ab3254c11e7eed00,legal
crd_699c0e28637945e0a2ad8698e9695bb0,legal
crd_cc8e7afe0f344c32b64446caf7b31456,legal
crd_bb11d0da1233459c84ade5157719208f,legal
crd_1784510055ec43e49b13b2837192c1d1,legal
crd_c6b673289f9a4d2680a50dc6be9605dc,legal
crd_7ddf29d6110e4ccf838fa1ae76bbe034,legal
crd_6438731e38f642b38a24a0b566078fa3,legal
crd_872d8dd267f44d1ca4410036e7eed315,legal
crd_341f45661be2402b86ec54dd9e402bd3,legal
crd_962d3a1f68d842a2818db2f230723b87,legal
crd_cded72e2cdf242d490be6e3e32c3e17b,legal
crd_97817cbd2b964970b24740509392cf7b,legal
crd_27a77344b85748bd9d7d45de2969c918,legal
crd_f9025821a35c4cea9fd04182f7db5896,legal
crd_163516a9fa684676b2bed66aa7a64a35,legal
crd_bdeabb102e8a43af9b4e1699df256503,legal
crd_d119988be09743af8639f30e658caa8c,legal
crd_62c656f20cba4c43a1ed1f7ebc2ca720,legal
crd_1b985f3a7a854505902294c666c69c34,legal
crd_a7d5d3768a9d4c3db389429ccc654146,legal
crd_c219f80dc2d34bea9b7a9bfdb4e04528,legal
crd_d506a2271c444d7f9c2becae74535475,legal
crd_c4bb70c1ad214e2093ce724398d59e4b,legal
crd_d9f88c1c25a1490f9cac1cef82b51219,legal
crd_ffccea571e7e4efb9b5258ecc03e847b,legal
crd_74965b03fa644306af97644d8ad19c1d,legal
crd_4d0b6d09ae6c423ea874fbb6c659355e,legal
crd_d785c3ffe80440a5a9ef39641add4d23,legal
crd_f05ecc57c03640c68b45c6fc102f8a92,legal
crd_3893e351132b4fc28df9093b721f4f28,legal
crd_1f0feec19b8843c8888d22c1520239ac,legal
crd_89a33b4b36de4c2a97042cd58ca0e6e5,legal
crd_b1bb1284147849648c18082ac8b7f6b0,legal
crd_a4bd827fb4c6497fba686f38a21448ee,legal
crd_980a374d3ce34527868e0f78b48f63c6,legal
crd_d42f3cca7b9c46a988d81347b0a4ba8b,legal
crd_cc0c5bf9ccbf4884926461d06eed76b0,legal
crd_2ad6131751ce45c681919a185cbe640a,legal
crd_890de7a0c3e34c8da80430d86a27365c,legal
crd_993b13d7185d4c83a00718ee79e6ef00,legal
crd_f74acb5e986f496092a1c5ef8bfa741a,legal
crd_9f8f3cf328fe451e9be15353026085ee,legal
crd_ac107df1d3864416ac579de7b826d297,legal
crd_9ada4799889b49d69ae388f141a0c52c,legal
crd_ada8dfe4da974553886bcf9387198373,legal
crd_1121277f1b454321be2740185a61c1c7,legal
crd_c978412b40d24029866de7fb2c2218ee,legal
crd_2b3c2bc74af94a07ae07634fb74f237b,legal
crd_db1756b0f3fb4f77b212b8d264b73f84,legal
crd_921f3a8bbf1c486490121d18a6d45752,legal
crd_234735870c52442da86a7f8b2910ab74,legal
crd_fc70bb26c18544679b91bca3a7ad025c,legal
crd_d77c74eca9ae4b56b85f6c1feac4c1c5,legal
crd_9a81433a0c2c4944a0af1b1724213f40,legal
crd_2acf88cb06b24d1f990226ef95b1e9aa,legal
crd_b893e4f0b17c41338fe0396ba1dcc8b3,legal
crd_99add79c98f24262aff4cdc1e3d8231c,legal
crd_936d98ea79ba4a54bd3ef0a166ce6875,legal
crd_c914737245874c918af51cac073d6d36,legal
crd_396903bc291c456ab3a3ebbdea9b1952,legal
crd_e25b0a04fd4a44c18a2d52940e33ff64,legal
crd_2e69a512d9764bfdbfc1764bf8fd8e96,legal
crd_62d821004e3d483a8d3d91a220cada53,legal
crd_43915110e8b94147baf492d89356e0ca,legal
crd_462476bc47ff4cd7bf84c2bb4cd8f169,legal
crd_dda178292c7746de913c4dacee008ac9,legal
crd_b6996baaca9440328210eecc4afdc123,legal
crd_e2433a86940b43e8ac63f6eeddedf085,legal
crd_f42bd512c6d845f8a20449124fa02025,legal
crd_3ce4bffdc70b43b3b9da42984cd97a52,legal
crd_b4342b1e77754c4caec6596f27f963b2,legal
crd_9897b7dc2c8142b5b2afc74e87fa14ae,legal
crd_d4897bfa5fb047a894e6f69c3feebc1f,legal
crd_9f0ca76ac1444a1290ac0003ef15d292,legal
crd_c653c06c96ec4b699dde5bcec70e0693,legal
crd_e60ec9d70c4a46bd8b7e69b3092af826,legal
crd_5646a42f0a98475ba7c07e55f7cb47df,legal
crd_3c62b89fbbdc4162b250ee5525e10135,legal
crd_2977bf4ea525446f9f26eb7c272ed37b,legal
crd_380dc3639d7349c28a244b65ed675fcb,legal
crd_7cc596998ca54d02b163996079f18414,legal
crd_4b26cd44ef39414fbcb762fef390a5f3,legal
crd_3cead19199044fd5bb448a13f2ce8189,legal
crd_71fd1d1099c9451393725c4afa6ca274,legal
crd_95f558d0b08e47cf9c92c57a7719f874,legal
crd_03d2c58be83e4132a95c060de2b00cbe,legal
crd_6910c7f861604c41b2921961ebf886d1,legal
crd_f607033b63f544219ebcff94bd3c6e81,legal
crd_e5e54863fdb8474db4d0515a2a562ced,legal
crd_c608166f5ffb4bb195af64fb501902cb,legal
crd_40537dcea12e45f1b057ab68b337632c,legal
crd_03d8f4376dce4de989d8ba11a0d65ceb,legal
crd_f68e5422b47243a1b385c562531498f4,legal
crd_35f95b92c0ce4e8e85eef87a3edbeb29,legal
crd_69258eaba19a498182c2e4039c89466d,legal
crd_fc5e485b906a4e97b420d9ea122b4414,legal
crd_989b5642c80e4a999f54f75e02a2fb13,legal
crd_95033988f96048348b305ef2c6293ac6,legal
crd_1985d10b104a4176a621275358537fa9,legal
crd_810ae6612d094f8a89c5db907d193cf5,legal
crd_420df750d99c4942abedc0cde1307a3a,legal
crd_8355f42d81564fc288c8e67b0f04628c,legal
crd_68b76d76c7b1460cbae204778e1da3f2,legal
crd_d36e3111ff2a40f4916b08b01de3cbeb,legal
crd_3c6f007d30714e5183dc6d9da8b200ae,legal
crd_4ffb52f1841e434f9263e1b8973f46a6,legal
crd_07d0c6cc94bc4eee9c5f12d78bc8a84c,legal
crd_50ae7c2bc4c94414be98bbe98e01944c,legal
crd_398194a72dfd4e41be4b6939e4e13ee3,legal
crd_65119a74cb394cec89eab4175ad228bf,legal
crd_7a288d030d1a471fbb818ccfdddc6052,legal
crd_ae42b2ab4e074f3e91c29d4ba2c3e601,legal
crd_bbb647e1cbe3487baa2ad65b27a999ba,legal
crd_3ecab24376cb4cd5989309e000f797c1,legal
crd_40690491af114f2e810a6fd1c6ddcafa,legal
crd_5a2ba6e63b07496d96a17d2565b2a1db,legal
crd_2e1d43823fc642549ba92787523ce17f,legal
crd_7c5be60911d844b48189f3a042abdcfa,legal
crd_a1af7dad15b64d31a696f7bbb49bfe92,legal
crd_266d7d17b42a44be9472057e4e6dd1b1,legal
crd_b5e74b533270492982dff9472aee8664,legal
crd_7c421033c14c40e7a5be957ba42bb1b7,legal
crd_7ad03b4873f042bcae4da820a7061ba4,legal
crd_ee9f19ba64f54bf78ba3cf40e0cac256,legal
crd_c9f08696c3cd44bf96e2a149bb3cfb12,legal
crd_51bf217683f54e1bb4e6835392851031,legal
crd_0a9db863f78c46429d3f1835d046bb2e,legal
crd_0bd8f734ff064b3881191b916f8354cf,legal
crd_a9407e39c2ee47869d7a634aa46a7f04,legal
crd_f8c86fca55d8453da9c1c6a39a5164dd,legal
crd_d01b88e57beb41db97537585ad763334,legal
crd_09435d146f0844b3ac864e77a8ac746d,legal
crd_4962196e0306474a8191dc8624c1b7ef,legal
crd_ca25b4581bec448ca5dc7f742615aea8,legal
crd_d41a4c80d657424e855e6e3f06caccb8,legal
crd_a4e2a291ea24493f8974e6ba5f2ec64d,legal
crd_34cb2d9dcb664dd590e7122735212e37,legal
crd_d5ae36cf042240b6b63968ee83fb113e,legal
crd_e81b8a65eb1f4006a70ca1cc89adc3b2,legal
crd_ca9423d0bba546db977330274d8928ff,legal
crd_9bfdd01bee6045f2b694a2b280e834ec,legal
crd_4ca99dff350049e6a2a72a72b595d33f,legal
crd_c0112540b6764a02a42944c0434d87ae,legal
crd_a82fc925002649ae93310c73c8a74a8c,legal
crd_ba8bf1ab1f3a454eac2237a820e5da88,legal
crd_6cb04ac82f5f43b1a4a7cf2deae221df,legal
crd_2dcbea7036c54b9688bba4a478e03294,legal
crd_a751124c50e347d68fe2a2b340f01719,legal
crd_7ed94ab06dc44f91895dd7b9bf648b97,legal
crd_f8ac73538afa418390174732631ffa52,legal
crd_23bbbd44361b4dcf9942bd281212a613,legal
crd_0f37017fbc274dae8dc0603b6c6a73c3,legal
crd_a204f84909b6469c95cf671500547b35,legal
crd_e12a06c8188f4b1ba084b7c6b14b466d,legal
crd_cddd82bf6ec742418d26e653630792e9,legal
crd_3fde5b7a72b24201b728abd6c7f1797a,legal
crd_1dace5aa2ed9488e88a16feb02561049,legal
crd_1dfcefb9ec294a798aabd2a21300d88d,legal
crd_6625bb30bff14209886c5157c85c37a4,legal
crd_953f8e5972634de5935794d17a4a3e06,legal
crd_31457772bf37423d9723625203754abd,legal
crd_8b31286860cf4d2da0374f76bf93e6e7,legal
crd_96d515e8823e42ce96c3aab0ad415d01,legal
crd_5fbd8a029bf344a6a3e42793c324f12c,legal
crd_c961ff4c701b45da8cc477d7a5192b6e,legal
crd_ac797e7b8dc043fa8cc160ee82f94713,legal
crd_5b8b1ca3bad5482e8fc1592899c58cbf,legal
crd_c77d5fd7b519414d848dc5e73124f5ce,legal
crd_a7de9bb16f4540ec9e7bb9a870a9b289,legal
crd_b6134218a3104ed7b31df482ccb0b0a9,legal
crd_6cba76453f834205a7edf1e8222907c7,legal
crd_deac8b7b6b514e84a8df865184e81220,legal
crd_c2ea432892434d9c9814d4bf6c3791a5,legal
crd_775c901d8b4d4fd3884750a11cb7b1be,legal
crd_67fb41c26e2a4f10bfe027e81169daaf,legal
crd_79ca7c747dcb4e7189ed8bc3a6b14f8b,legal
crd_ed0ac9694b3b437aa135b0e758ac3ce1,legal
crd_3c803ea6602c49e0869da110c5d31d42,legal
crd_37ca8a8c91fa46e8aecbeb9f476e0a3a,legal
crd_b8c769ff9e444e0ba52335172a61c4f9,legal
crd_6e88d3615bd94a6fbf2dab003d75287f,legal
crd_61fa338e64c749f4b236deeade5bf433,legal
crd_8f083e7044764c369fd81b4ab60c3054,legal
crd_d90411afb17e4ed3b6788da7f15c9c4e,legal
crd_6719f7e2898e4621b17ac591412e5b48,legal
crd_ac175f73ee3c4cce86c8ffe6d32db73a,legal
crd_4730c91483f24305b42abe86b2bb34ee,legal
crd_853c5c99d28f4304ba79004c91379057,legal
crd_ab2c56210cf647609962b1be64726001,legal
crd_2fec41cf370c44e4a11f2024d8375c4c,legal
crd_45bf84f2a90e48be812c82d9c9272438,legal
crd_1c8429d7ddbe4e4895be3442a801c039,legal
crd_88ec6886b1a0481c9ab402049d1649e8,legal
crd_0b2c5d800fc14fdfacf098d74ec7ab74,legal
crd_9d62c487faa543c78f964ac8ff1a73f6,legal
crd_7bea75aa713d410a9be82d9e82ace333,legal
crd_5a9c44f3e0884493b853e0a1c8b1fca6,legal
crd_e32380ac2e3f4e69b385cad4b3c3df11,legal
crd_00dc125290b34527b59cec4901ec94f9,legal
crd_ba402a6eed1344f8832f0032b3fed4dc,legal
crd_f04fa097a7234ecb95ea7eeea70c9c39,legal
crd_2efc304326314401b518565ccfc8f238,legal
crd_9eba1ff8237f48d9aa89b725e90e2fb4,legal
crd_a324c0fddfab4d7681efcf47adae3c6d,legal
crd_003d1c2326544b7493e1641770d22b0a,legal
crd_02c9d135c9774d4ca1cd3a70c62cd9f1,legal
crd_e7b04611dd234fc7a07b0e48c2811fd2,legal
crd_abb29b66e814454ab886f18985102a9d,legal
crd_a40dcfcf0f944762a1b3f31d9a322c9a,legal
crd_d93d338ebe6c4e2dbbfb72a3059dcbc3,legal
crd_fe74bbe0dddc45fc8ecb07ba325f1e69,legal
crd_068db63a90ad43afa91b940fbb546575,legal
crd_7672e43ea7ac4d9a8a51e463a77b6358,legal
crd_a7f5bdc867ac4e5da287d746420e7448,legal
crd_5ed0be30062e4fa9a32f4edb4e53c47c,legal
crd_1f27fecaf7074061abaaf6684bce4e2f,legal
crd_03538324959a406cb3ac98684214d437,legal
crd_9d869b2d59da48ad81923dc474ab2bfc,legal
crd_341b56d7d2d549f5b2caa285c026278e,legal
crd_c64093c102d445409f2386f06e43b3c0,legal
crd_fde84e341b0c47929fba2503d3141e45,legal
crd_a385d4bd2e5543609f40f170f17a6a55,legal
crd_bb645060d48e4242b0003701c6b27400,legal
crd_6e6ef50186da41dbb767e450c6ccc20e,legal
crd_28f00cdb65fe48deb2f97ff979670b4b,legal
crd_ea4fdeec62324b1eac04465ca25a1fbc,legal
crd_c35b1525a65d4eb28169ad5d88a0bc27,legal
crd_907f9d8972fd47b6903590bd53f1e662,legal
crd_cf6f37c499d34d8aaf47e0e3e2eb6523,legal
crd_d0b64b7438ce40baa803ae8f13d6981f,legal
crd_3c23dd0191ce4f80897a8f50d75bc7bc,legal
crd_1a19968d0ca94ea484efbacfb804c206,legal
crd_06dda85b506e4a448ce0615f07758bfa,legal
crd_1718e93b703240a8a8be4fd0ab13b4e6,legal
crd_ce53812441ff4a67bd0b987da44126c8,legal
crd_760a3c258ef143de8f8e85176c0bfd1d,legal
crd_6ebf8ca0c6b848e992e9927bf0d93d2b,legal
crd_05560bab5aba45cd8cd838e0d3597cce,legal
crd_68c2d4e87fa84e0bb650d5e2b9c0737b,legal
crd_12146ea4da72415a89be38870433e765,legal
crd_a32fde4ae1e84354ae7f20d6953d08f0,legal
crd_a3bfa4a999c04a9ea29d4877f877474e,legal
crd_526769983dde47589d6ddf5cd4e74caa,legal
crd_073ed613c952404b9bb513fb78ea17f5,legal
crd_b687a800e99b4465a744086c0eb9c93f,legal
crd_73984c4885124477b3a6a48fbe5cb2ac,legal
crd_15c2ebf5713c436eaf0478e2b7f8547c,legal
crd_3ef790bdb3a2494783a80d778429c034,legal
crd_d4eaff075b2b41659976e71933d2c3e4,legal
crd_baa89f6923b94ff6a59e1957814a2645,legal
crd_2f8f2276cb254195b2abf5cffd2b8193,legal
crd_0d0630d4e335471e9a11643b9b82ffcd,legal
crd_c48a5579b74d4299b4bc48db0776cd36,legal
crd_fd6fc618265f462787b1a9bc6c988b54,legal
crd_c7a3740622334580a1f011a55e286bc8,legal
crd_1379d064484a4269bc01c74fd935c221,legal
crd_db68b32c197d4f808a46afc957338877,legal
crd_b577553c749f4093b477e1ade7e52a2b,legal
crd_6ba7d8ee8a894df9a67bc08fa0ad9b35,legal
crd_7212b4d89eff4f039568f65cc8fd9855,legal
crd_8f7af60c55b644ffbd49a856e3187bc8,legal
crd_c189dd421b024c29b83e86aea8bbc347,legal
crd_7388269750db42eebdd7fbe6cbcfe30b,legal
crd_d544feae1c8b4accae8e8f3d185380c4,legal
crd_3b397fb706a24feab4001ec2becf901a,legal
crd_e6055fbcee8a4a03a980c5e2e3a2cff9,legal
crd_ce8e3338542f433193eaf3a3737ba1c4,legal
crd_4cb55532004549e59945436fd57a62b7,legal
crd_dd74aaf06b6e48c59d8b8e4aea1dcad4,legal
crd_436427be3a944c3983c61f6038ef6ea6,legal
crd_756eca11fdec48c2bc3b4f427b151b6e,legal
crd_995ce4bea35048d3b53f224ba4fc7664,legal
crd_6a9fdf228b704ed9babf570ea82fcdcb,legal
crd_f5e766865cfb44288cd71675cda91f7f,legal
crd_2f01947ccb4d4bae8b2cda6308a77323,legal
crd_9dcde646049c4c889034da24e175f7f8,legal
crd_b7cb9265f8b84f77afabe12e61219153,legal
crd_6cdb5c7da33a4158b6646d784ec0f2d5,legal
crd_5403ff921bce4bbc90468b0f860dc23c,legal
crd_703facdf13c34886a976ad5a31f955ff,legal
crd_5438ceaeaafb4d50a66613cc5df1ac84,legal
crd_af02f016a89c4174baa02ff8a5355f4e,legal
crd_1391eb60b4054ac9a02e6b1f0e150c0f,legal
crd_5fb3a3421c9c4fd9a83a6d235b268b2d,legal
crd_3255845b67e447e9821ea5cee4848f57,legal
crd_50bb3e4e83fa4e7d9e603a15bc296c3e,legal
crd_99154bf3bafd47f6ae3736da4cd5424f,legal
crd_8f2b1625f47a4b4ea1d5f90b61985827,legal
crd_5531bbdbce6c4d0b86a40ea6fecac853,legal
crd_1d57accf2ede4947b8cfd1a71c7b85c6,legal
crd_9599f783023446468e24ada470972aa4,legal
crd_5898c1f57f914c70880a9a3fee5a4962,legal
crd_0883cd88c2404f829929be8755b3d865,legal
crd_834655aa7bc54dd0b1bdf69ce343359d,legal
crd_31618f4403c2423683f1b82f04a2959e,legal
crd_5c953b299f3b4de08ff77ddd3b041270,legal
crd_78adb82131a54205b5ba3cef451bee00,legal
crd_bce37cc08d944fb99b90fa9f6fcda16d,legal
crd_a79cd84bf7444d0f847f6ceb36c93f24,legal
crd_08ee7216354243869129fd8d6491168e,legal
crd_0bac00816e484c9897881390d90a614f,legal
crd_ddd89c441cdd4795907313f38e85c1e7,legal
crd_6b414f08443c4f009d32f627f1d46256,legal
crd_b933d7086ba94eeaacdcd18f872402c4,legal
crd_137c6f751cfa4c56a1fb8443e611b0f4,legal
crd_35af0ddde9834b5e8b37b9ba98126c71,legal
crd_2aef4896a5194dd69fccf9581d20e735,legal
crd_5b613c1368aa4c94a43c012f9a73394e,legal
crd_13f1e523e8454e648cda03bba3603643,legal
crd_02f5f28e11b84721906692f042d0baee,legal
crd_d61c5630a6b649589ac1fd4a8bcb1014,legal
crd_a3aef995690e4b4995241341af5f31e3,legal
crd_afce8f318b6d4d68a9ff9ccb5a616655,legal
crd_2d25ebdcc8874b25b749753468ba5956,legal
crd_5fede8ed6d6845b7be83496ccb0fb2f8,legal
crd_07082198195e40d6b940142d1383c881,legal
crd_b62b44f1e2144c1e9ebec3da471579c3,legal
crd_db2f742945da407b952d5bc900e43f18,legal
crd_c6aa9e3981f6416d9cdd69d6fa76651c,legal
crd_d6f21fdca571497883e46666abc022bc,legal
crd_24945449688b42f699bff7a47b3f282b,legal
crd_297bfc741b2c4c01b430258d55aef604,legal
crd_ebdef6b29bb74afaa3e5efea83fe89c7,legal
crd_e820659ebe3f4a2fa154ffae96da8bde,legal
crd_c26b377f986245bd8f63360bcf26d5be,legal
crd_f3402d0395ee4f5c8fe1c1f897f6e06e,legal
crd_d98a2d4cddac4630b7e3364443381093,legal
crd_6ae3b063360244f19a8aa03334b16078,legal
crd_3459a012234b4a23b83deebefa450d7b,legal
crd_1676a1863764440991d68270eaf35bcd,legal
crd_302ea1ce0fe94e5c97360498d05eee9d,legal
crd_f3d2d4123acd473da89b7358ae6dc5e4,legal
crd_11164a4fe7894e46882f5490ebd875cc,legal
crd_e0ddeb51820a4e46840686240e076a57,legal
crd_648eda5b1ace49e1abf842cce776399d,legal
crd_01848d5183c64bdbbc3d2bfbdf2f1aa8,legal
crd_9408beff78404a25a70496ffe22a7bf4,legal
crd_f70bca6387dd4f34a80c7a0ac8bc102e,legal
crd_e9c693252fcc405988a7aab7ec8d7a19,legal
crd_1e4c0158e3ac4e989d2886cf87564dd5,legal
crd_c60b5558ee6c404f8cdf7955d1087b10,legal
crd_06f238177bee499eab1cf34e60e55725,legal
crd_3d0ac2e2f0bb4f7bbb4831522a6cbd8b,legal
crd_79a0419883024bdbb3b8127318829daa,legal
crd_780972e5c4f84315bcd27496ef5184a3,legal
crd_c4dbd53e73ce43b4aa66cbc1fd93885f,legal
crd_2a71e5ea621f41ce9028d6551c153764,legal
crd_5013266a9fe04d7b9685bddef9c6f6e8,legal
crd_93883c73ea3d4c269ed099da7f77414b,legal
crd_e295d49c71554b108a26b197046ca47c,legal
crd_8944266c591440ad9bcb0a6723cf0645,legal
crd_45bfb8a9f002440191e7bfd8b993fd22,legal
crd_3c5cc621f8c2419aa3e82f1189fb74b0,legal
crd_60f1bf0ac9ac46ca92e290a11ac334e5,legal
crd_ac6b41f1d4314cd48a6c0e40b01203fd,legal
crd_eb28d5bab74d4784a6a59b2c5cfae6bc,legal
crd_966bd91d331f46b3af9f199a2e03515d,legal
crd_7ffeed1a4c364378ab7814dda3b99b73,legal
crd_694283d53b724c6aae880fe453cef8c9,legal
crd_2f24650e05da4e108e8988b03fb64a01,legal
crd_be028c8d6e9144f4ac4f03b17462db1c,legal
crd_ac32bfe50af84f459d9cc9d4c0d659ef,legal
crd_0e5d59110fee4c7e922e2ec67f5fe1a6,legal
crd_8161f9ba546e46c2850f4f97f5b623eb,legal
crd_3efeba396af644afb4fbef6c35b58521,legal
crd_025c5e1c614940ee94c0d2e1d96ebbf1,legal
crd_9d7dbe554e37401d8507e1b3b69c69bd,legal
crd_89090f037609469eaa214e72bc12d218,legal
crd_c9089f2ab85a42349c84cd3bc0bd3f2c,legal
crd_452868f6888045018e50e2b4e41e0f7b,legal
crd_40708d21822d4d2cb668603a1dda664f,legal
crd_71250fc9f98742369de2116914b4109f,legal
crd_e3b8971a2d4140a79429277295edc4eb,legal
crd_f032f51e8af64d8db27c87e1f6db56a7,legal
crd_4baaef6e190c46e4b03966728f10034a,legal
crd_449f87a8929343be814ba9a5556c0b2d,legal
crd_e2f72bebe6594283a1d71d93ba4e72bc,legal
crd_cd7996cdfb3146438a6c0564f5a5fb3b,legal
crd_98f78d167b2e41d58e796d0124e5f9bf,legal
crd_9cc22e72ff234c27acb37f7d0e1f4441,legal
crd_5879c143b9484d898408440f80e8531e,legal
crd_ea7ccd56a6474fd897146c5e15f30fa3,legal
crd_7f7875c57b0f49d9a0ca569ec1037777,legal
crd_ce1ec049b9994d6fae071a0f74886cb3,legal
crd_5516a5f756734f2c89d1ef63e8c9964d,legal
crd_c51eb90cb4f54e9dac6596ea653c956d,legal
crd_a776fb952998401394dcee6936d85b56,legal
crd_a529727601b84e9ca6f8b5052d1d2572,legal
crd_c3f4b42a04de464a8f93814fd4e1884b,legal
crd_4cf391db31ba468f948bad5a20b0bc16,legal
crd_e97e4b9894fe4c9798b0d925092d3eea,legal
crd_19431b87131547d98fef8a693077a77e,legal
crd_26dd3cd037974467a3c4078d58f4ae25,legal
crd_67714955a33e4508913f44b8ccb08e5c,legal
crd_458325805fc445799aabfe4c4046f89b,legal
crd_e08d7a85c4e84f1e83a7521ff9c15a89,legal
crd_9c3f1e9961584a3ca4c8c32241d25d0b,legal
crd_3f0711ce8e06486a8bde68218e75d360,legal
crd_f9edf9a591974716b2d7f02764f93737,legal
crd_42ef053d7aab445fa7b0a2bf2e028864,legal
crd_8b02499c992945e2990cb669d7468256,legal
crd_7202d58f49f84525b3a9364c319772f3,legal
crd_7cfdb563e48a4998ae06726dd5feda7d,legal
crd_e9dd2025da3b4ef7adf3f2b9cd67f421,legal
crd_db3ade6d337c4c72aad63938a16e7692,legal
crd_85a886f78a71416aa253879cbe81d8dd,legal
crd_d3dd900e88304c778c319c8facd2c8f2,legal
crd_461c6287b34c4be19933bac34f7c7d78,legal
crd_907793ab7fb44dd38c58f0dc1172a7d6,legal
crd_48fb46a8fbdd4615a2c9ab99f304a0f2,legal
crd_e300981771704026815250b876ae28be,legal
crd_12426744b21049a39b01acf3d93e4311,legal
crd_894f1b97871342e29b414e927dcd1140,legal
crd_1ebd5b431d3c46b882e3c95712a9502a,legal
crd_7c261f64006d414180bf53ea7ae2f467,legal
crd_9b72fe4e823b447fbdd927b3dae1342a,legal
crd_8ae92c4a53ef47acb4aefde6341cba60,legal
crd_3a3a926925af4b4ca1cd8567c7a300ae,legal
crd_da584233ea5149dd814bd6b372e015d5,legal
crd_412dcf4edf204b919385a120e64b4b50,legal
crd_d46b1371e56d486786fb471a1c043d3a,legal
crd_4bb6eeb124574cc6ac3695e255598cfb,legal
crd_0140dc8d8b8444878839e0c94f358497,legal
crd_a35ce7543f7e4af49eb325083776e061,legal
crd_edb33beb5360472080df4b6d2a6878a2,legal
crd_43b3128f2b504d7b9364db3803511c13,legal
crd_10b23643a0b146bcb95389cfb37c6133,legal
crd_0eaf4bdb418a4e63a69851152b8bb057,legal
crd_1fafea8238334475ae8ed9ece3728309,legal
crd_d544feda22c44e0e9fccb9936fb20202,legal
crd_af887c9fbbbf4e12bf91a9d221681e71,legal
crd_a3736e115d014a5e85d5913b9d100f9e,legal
crd_a849716500754889824d4a9aeb2c6b84,legal
crd_f27b7d5ae80b49c4a1a6019138a14ace,legal
crd_210e4fd42fff4273b7ed916683431def,legal
crd_d3bfcff390e54c9bbd1027b57320d621,legal
crd_fdc463d617dd4b938a2991c4f1e1f542,legal
crd_5004569c2e0246e8bc9014bc00c21cd1,legal
crd_830fee590a4e49c1a54622779b4380c3,legal
crd_fc8acdf39f114f398bca3f962a072274,legal
crd_c1cb807b384241ea876b8b2d52b1bc46,legal
crd_314343a109e74d31bb84143aeb72d25f,legal
crd_a9888f3a8e1845588922ff69068e6f78,legal
crd_3cc55696a89340ceb63f0ad739644c17,legal
crd_68ff503b4be94f6cbf93a9b0cd097c80,legal
crd_5c628b6eefe64685a02ea0bd3bef7a44,legal
crd_2254457f8600435abc8520521283f8ff,legal
crd_14a6c9cb57b54a889bad8a3e1f62e8ba,legal
crd_db64e740e8ef4c22b87c89fa48093cee,legal
crd_e0a935e3f8394d2b881f48d3c9c46b05,legal
crd_bb8f3a2d154346dc8e21ef6fea46a1f0,legal
crd_ec332a15608840ad942e800aa7b17294,legal
crd_5dc832dce6f943ddbb2bcdce8893ae61,legal
crd_5a958c7371a3467fbb486adb3bd370ce,legal
crd_9fce790e0b1c4e0788899b6eb0d6aad0,legal
crd_1f76ed2f61db4a9cb5a5647c43e1ebfc,legal
crd_63be1159dcec47dba6234bf124f86c75,legal
crd_19a1d88c22204acf9412f49437e0eb00,legal
crd_7fd5d0e0a462464dbc04f11a37718f4a,legal
crd_9444cd2552124a658a0c276513934a4f,legal
crd_78be93b7d9664f388cebf0499a2e6dd8,legal
crd_74fab45eaa32470b9ca3c830ab920f93,legal
crd_f199d7305e4a4b0a81d20610d4761aa9,legal
crd_6efcf80c6ccc458e9892bacc332c32d7,legal
crd_0aa70773df3a4f87ab5b96825787497d,legal
crd_721b1a5a766441a382bd8975b7b7a7ea,legal
crd_6506bc6d995f48a6b643477a796faba1,legal
crd_aaae8eab8f604635883282a61d3376ff,legal
crd_cbca0a75a1f9430baae6cf1528a421c4,legal
crd_e563c6bf2df446f5b77fbf41d3d3b30a,legal
crd_e736ff0f31bb455992c5ba93c4875444,legal
crd_715fd7db81234ccc970f710f0c4d469e,legal
crd_e069dd79b4104043aab51cde64808d82,legal
crd_4b2b91b67cde4db99f61c51b388a338f,legal
crd_83352cb5f0a94843857df13731c502be,legal
crd_b72fb20c7b664b749e55de43aae47b3c,legal
crd_c6e74eb559f2406fbea088388759a259,legal
crd_5d3eec99c8a746a5b8b774fb50cc5180,legal
crd_f67695810a434de2af182783cbd167e9,legal
crd_a7aa78d2d3044e7ea94529cb078fced2,legal
crd_9a47b5d5d819442882b5319fab5ed77a,legal
crd_f291329542f04339988b4051333a446e,legal
crd_6ecf18a6435e46238220c23606eb7768,legal
crd_ab1aec84c58d45afb0773657b0990323,legal
crd_7e4aa6ffcba9401b916220a6f79c355c,legal
crd_e572046b12da49769e2e492828d61636,legal
crd_ecb9566eb3fb4a9f9765dac205bf1b2d,legal
crd_2f8df927b41b4664aa7f6b810df6da4a,legal
crd_c87a5472942748c6af5d609bb93d63c1,legal
crd_209d406df9574154ad94b0b7c78d635f,legal
crd_12fad68b6919451cb7165478fec5aee7,legal
crd_a4bc1bcb3ca54062af8854d9ee7a920f,legal
crd_df75fce740274e7092a368c0dfa0b417,legal
crd_a6340b8d58a14de28c95f912df744b3e,legal
crd_b467180bb50b4da59a6b99725ad7fa84,legal
crd_4fc312f6a56240dba9cb3c6fc6efecde,legal
crd_c16e96de6fd24d58969aa7429dcbbdcc,legal
crd_d5e31be3b67a41c0a0f6ce871e8c69c4,legal
crd_e37301dbd08d47fcbd95accf72aa2a3c,legal
crd_20513d1b0b8947e7b18e967292e9fb23,legal
crd_693273eeac4846a39a3539fc6ded617d,legal
crd_846446f8cb0941d293de679be94fac73,legal
crd_85d29b6399cc45b696b6f1e9abe19910,legal
crd_47393fa4b8714ffbb182701c995d4998,legal
crd_f41934191f364d68bc66e64860cc0c92,legal
crd_a583e1fe8f2144a7bbc320e966734055,legal
crd_c53a525669114b578666906f5adff421,legal
crd_735ff8a1a313478cacec3260dd388dfa,legal
crd_ba5b6348c7074d0cb21ecde50a1e6651,legal
crd_0e2b19d48e8447f19582feef97a52725,legal
crd_0af4496693f64685885b27455c69e385,legal
crd_bfe946722b9545b996eac2d8d5e13dfd,legal
crd_bc7acdf1831f4c71bbab9e1c2c16f0ff,legal
crd_833361002e2a4571b9d12ba392560b16,legal
crd_4a0125f47df34b3c9f0f097e0cc68c84,legal
crd_9c1f10eec0c84bd8bae7c5403a6221a7,legal
crd_3c2769ada879468487b74479a921bc27,legal
crd_b486db00d41f4888984650e72cc36b00,legal
crd_04d93f974e354add83a5c60fbcc342d1,legal
crd_63f4432a95d84d9dab23728cf715f31f,legal
crd_6351c1cb10e841e09ce43d107309796b,legal
crd_51db72cea0fc47c7a261bea9f511d4eb,legal
crd_79bc467a7ad540e4b2012a26e7a247df,legal
crd_e49684f046464f2fac248bd11ba54f5d,legal
crd_a24dcdebfc7246d4be1faad573e0a23e,legal
crd_655a6cb32b86442e8bfc1538371dcded,legal
crd_534dcd9a655747bfbcb0c52c605e9220,legal
crd_8f78f01a16b947d8808ca0d350cb5c31,legal
crd_07fed6332fd14403b062bc4f1aed3e63,legal
crd_0f1a48118a4d4952864c66eec69808cf,legal
crd_00e4569178e847649514f979474839fe,legal
crd_534a9b86f32b472ab15ec30d254d76e3,legal
crd_96709c5ceb00448ab2b8e4b039319183,legal
crd_22989be17783417ea635d11b83b71252,legal
crd_414acca972834b90bd464855d69b79cf,legal
crd_38b31e4f9b2043259a5d8909cb58b8d3,legal
crd_2c1dd652a2ff4655a1e26419afe50b4e,legal
crd_824fecbd011140ecaba3b8c8d7c4740a,legal
crd_ee79f31b26a94960a66ea9e5defa5a0c,legal
crd_bc6df0ab3743447f9498d36c8f51fe73,legal
crd_d71041d05a2249a6a4785367a7236274,legal
crd_16dd3d0f11fb4a96a4aa7d7f69468a23,legal
crd_0a76a477c4d142439e5005d76bc01da2,legal
crd_761315af205f480fae3ecf8c5018db46,legal
crd_cf5e4f99f9c44d91b44ba607d640173b,legal
crd_f13c7ff8caa0471c9cea95ac9d2177c2,legal
crd_11d9c25e05f64856ba6814a42133a734,legal
crd_dd74a7225ba143989196a76089b46fdc,legal
crd_65f44d7a61bc416ebc68806cea7f39e2,legal
crd_b66ac79061b848eba1c927989cc2fd37,legal
crd_c82e5a2740d24cf68ca04688f54a0b50,legal
crd_bf86b60333c941008da0bf213d54829b,legal
crd_a5dbf42b10974a1d96749b32de706c58,legal
crd_b73a800e9b434141b154bd521d55d14c,legal
crd_7217d3c0bad44bd3b8f186720cfb4838,legal
crd_d82ace7e03d34ca587519f2c089dc515,legal
crd_6746b8da59f742ad83ff79efdcbe35a7,legal
crd_bef15d42bda94a50a0fea05384b4cd72,legal
crd_d5087e3422e74e3585a2a323b4a06ee7,legal
crd_0a8dca5feb454968a2d13e5917127c45,legal
crd_69128022cf3e4ff7bdd615ab371405a7,legal
crd_87ecd33b2aa441168c1ff68b4e5e8700,legal
crd_127dc81d93624162b4eee478a2f33f5a,legal
crd_46aa903866b2477f8601a1cb5a8f56b9,legal
crd_22015e39f7a8462688822b423e11f891,legal
crd_1aea26c4e3a24196a40c9c10de33fc82,legal
crd_6e39ed3b74964c12a79afd63898cf58a,legal
crd_b17b7e285ce043a2bc97e5953a39c574,legal
crd_c28dceb08757469c965d2620ac1841d8,legal
crd_5b27a13096a24ba4af338df7a19a358f,legal
crd_cc13be0e046742f4ae3e0aaffb5d3f9e,legal
crd_ce83f9ff395c46bebaee07439d10b43a,legal
crd_1ba7f7638b4a47d29957c8eef13099b8,legal
crd_1b36e531978a4a9eae7c7acd0d4436b8,legal
crd_74b0d91817074173a048a42d0835275d,legal
crd_905b7c293d554cbebda90ca9782af3bf,legal
crd_3fcdfc49c12743bea7e8f632ba06c41b,legal
crd_4de6cdcaa4d946e5bf5f63d07f8d1b8b,legal
crd_bb7c0120d4b14622b11e2a06f9352a3c,legal
crd_3c5807144992461aa42226464a5cd693,legal
crd_ea122d22ac8a430389070f2f090c05e0,legal
crd_8711108b2bca45a18bcabd2f982d0457,legal
crd_7bc86960d8004c408340e121f634035b,legal
crd_8d0e59a2afe64a538efd96c2270336ca,legal
crd_6349578aae2742c6901e3129e8da6925,legal
crd_a1439f505f594dcfb80bb8aa6d495e20,legal
crd_9ec070844bb24ee997efeb9e7bf9dac2,legal
crd_77a41111eb054ad3acd73de5f7f800e7,legal
crd_ede0bedf6d774a6db32444997ed3dccf,legal
crd_f2e3f60f19eb409eaccc1a8dc10f8ebd,legal
crd_93993a91205c4c6bb310fd17b0417b7f,legal
crd_fa38166d51fb479a962761c3c17a670d,legal
crd_6b0937a994d6436ca4ffaf3e6304534b,legal
crd_663b3bcaa1df4b48ad139248ef5a5208,legal
crd_3732899cb17442438f292dbb093958eb,legal
crd_d82108b67c434df495ba7ce11b811e79,legal
crd_3a34c665afa94105b0b19383925dd830,legal
crd_f4219fc0ab3a47ed9fc0b3f5f705f597,legal
crd_2eae8238f1d54959a3bc9f1e875c1efe,legal
crd_301228de8de94aa382a1cface63a3422,legal
crd_c54910dbfc304bb5b4e71639858ceb82,legal
crd_170330e953034b0b84419cfff824f737,legal
crd_6cda288d106d4d46837a3c11690dce63,legal
crd_e66afeb046bd444e87889ec1866cc643,legal
crd_30df26498319433588a4ee13b1397ea1,legal
crd_74f050d47ef34391ba29b8c521450dac,legal
crd_6d0b490fddd34aab828b26cb90a827d6,legal
crd_d7a644695e604c958aee5d0ba8fa8415,legal
crd_cb38cec5fa8e49139bb0377111d6d048,legal
crd_19b1f802f23a4673aac60e04df0fb2ba,legal
crd_ae57eb31413644379c43ec4208a4023b,legal
crd_8dbe711cfb4541309eb32cf37fe48997,legal
crd_e382f2cee40343d7ae3faed897045a66,legal
crd_f799b47b4b894912a8d83942d0fa4d22,legal
crd_306fb0ac65b44f289a2cbacac51ba9fe,legal
crd_d08869cde8294b0b9f73d0f7192e2335,legal
crd_4690391667a14f42a7df8ef76771703d,legal
crd_ca78ff510359490a862b871b577a5fec,legal
crd_9c2a04a39aee4b989bf2b1f18bf923ba,legal
crd_ae4635bbf7ef4b4fb6a30c61f633fa0d,legal
crd_222e3894d8c04d2899b047a97912b5c6,legal
crd_ad336bbf94b74813aa25312a57af4525,legal
crd_c88d044f605440a29cbf41b7cdc7d340,legal
crd_cbd6fc9596f14329af2f0c237a7be6a2,legal
crd_d9f3b86af85f48579ed9d0d7ce0de129,legal
crd_be92bba983424f2f9546f237e65ce357,legal
crd_5a280549e94f43c09ef0bcdf8ce4fa31,legal
crd_9bd583ab207a4366a12f37ab94ed8619,legal
crd_ab901cb3afed4b95b0bbca4350b0d4d7,legal
crd_4c9f441611314185a25b1fca893f6643,legal
crd_7b875417a470447eb4d998d9b634580b,legal
crd_5a1091c1a03c43d4854b66426d49aa10,legal
crd_0ccbea0b8fd54779939f56e1fcc3769a,legal
crd_1d41bcb819ef4f12b40b5aab332e0c4c,legal
crd_dbc44ab9437a44568efdf23b37f3f278,legal
crd_682afbbf65fa43ec8d17d382183a81e0,legal
crd_e40a35d966914476b267935d79337667,legal
crd_6c18714222c749b8b16800630a5d26cf,legal
crd_ef759d382c954423b841d6cbac94dfbc,legal
crd_f1e67c29942c408daaa683520972e1ea,legal
crd_389a5296a2114c10a16be57f0677429f,legal
crd_63a9a93217614c00a186fe10b8791073,legal
crd_acaae5dbf3c341b8ad35851ac755cfd6,legal
crd_a3bd1e1b8b3a4ca094cefbc1d7bf4d60,legal
crd_78e5de38150f48c5b9813c08cc534dfb,legal
crd_a46be9bd3971477695ee84d0f25ff88d,legal
crd_c32945ecfd3d44859d3af3841977a737,legal
crd_a7a780b01376481388b871a1b533de08,legal
crd_49437643a6454368a630d12ba20c146f,legal
crd_3a593c8dd2fe4552a4874f7346527387,legal
crd_2894c74113e7436abf095fe35dde6ea8,legal
crd_ce4f357a6aa24302ba5553eefea4930a,legal
crd_4d9c8fd7ab2241d9893ca3ad6a31daed,legal
crd_df53bbf046f542d19202f4e11bbe9d5b,legal
crd_c91b8810b881450faa5942daf03e03ef,legal
crd_4ab0c55e07324d30903f51b7bbd41c8d,legal
crd_8d54bb18a7514ab19536ac9afe747002,legal
crd_a2c18604455b4a4c8d4868ad36370d3d,legal
crd_6e2cd50802964cfdb903d16ef856caae,legal
crd_f2b9a7e014e64eca88d8c9c7eee07019,legal
crd_a23c8618b0aa41f9b41b9f0603495380,legal
crd_17c7228380dd4d8e8b5e2cce3058d9d3,legal
crd_7c6dbcfcfb90484c9e7d5f28cee46687,legal
crd_643a385f109c4e50a6462b86c64b98b2,legal
crd_cd96e3f148dd46de80ac08abe51a48e4,legal
crd_04bca46a8e2d4e9ba0fbdbfc6c99e51e,legal
crd_e5912655e48f42a9ab863ac2337171cc,legal
crd_10bcf02ebeea4a3c8aac36e976120e99,legal
crd_695cab1b70c24a0289cc2d3c2316dfed,legal
crd_3725a62bd3aa40a086ad041a84a910d3,legal
crd_95ecf1d59f004e4399a2c61e280dfd13,legal
crd_ed5b22e519844e948a57784cdc4d5a48,legal
crd_ff8bf99d2bd84183bcc4b5d7a18360f0,legal
crd_de3c296136f24c1a8bada1580861504c,legal
crd_fa380ef9482e4e808e11365588c7178e,legal
crd_2ceed4bdc2b3437c82a41d83d9fe8aee,legal
crd_52d47bf453634824858ebdd26f42d5f6,legal
crd_3939d10a183b4eb48b843a68c74ed87b,legal
crd_33319f66def14264811a95e658040bb9,legal
crd_03be711c05fe4b8ebd081c3578f37444,legal
crd_0ab2ecd7d121461e8053278706d889d5,legal
crd_3ac122b5a08e42ac986aa536da6c1000,legal
crd_2700ee961f214ad48e6284b2a8e864dc,legal
crd_fd1e38170964420294911187ef450c55,legal
crd_48d5eae218d14c72a3b0485e369b2d06,legal
crd_6e2faccbf9a240219279b1c4acff7bd5,legal
crd_7ea36567dec64789a714995b1f459a47,legal
crd_f9097c53f99d488aa8685b73ea5a9373,legal
crd_2edd696f67314cde96ae6ff8f6661033,legal
crd_75b7a6e439114050b3e283955b439058,legal
crd_9548bea5e69544d5b3e488e97d33065c,legal
crd_5e059b9ed96e4fb68bb54b1086394797,legal
crd_cae2a3157f7a42d782a2c3cefae01615,legal
crd_cd3d8417b8544063ae6a41766d24b130,legal
crd_e49c0deba37f453f8f27da810c8bfe39,legal
crd_a3a886b05f4149c695ffbd5e5b9a049f,legal
crd_fb2dc6f12f584032a54f9925f060e059,legal
crd_c0742f7731e04b749870bceb5c6b133b,legal
crd_e910a64a2c12444e9eb34bab151b0428,legal
crd_976b70e13c194a6f8b955d7ea5307bbc,legal
crd_64d94b7ad8e84bac909438767e1e63af,legal
crd_c0ca53eaf2d849e7b533d0628ea7585c,legal
crd_449f6f94972b4bce9a87460460204cd8,legal
crd_fb67b53a2df44bff96ca7fff2d607437,legal
crd_1dd05220d5994e3181153d33340718fc,legal
crd_ab006041fefc4aba8f3142821fded198,legal
crd_a1887fe9f3f74f7183a0a9bc44f57582,legal
crd_6e0fa538c4894981b9e014b0ef5efd97,legal
crd_1acda7d08eb443e9bd36798a1fd7741a,legal
crd_6f4d7a28b34b4520a7456a89f3d72a15,legal
crd_769e68c4d309489fa1a27c2d237a7b2e,legal
crd_1fc96a36c5a94f05a295d7d565ece2b8,legal
crd_03cc8c548715482fb5d2d3d894767dbd,legal
crd_b9b75a9f9ec8475b836925a711e88d8d,legal
crd_91d042c887b54b7098c9044a36816008,legal
crd_ce61d71725be41b7a5a766b690f56a1b,legal
crd_314a692823404f41b6c94ef90a3fc5e8,legal
crd_c6e59761b01b488b9a46b1dbfb30707e,legal
crd_ae6da5a02eb8403e9dd4df5ff4dac55b,legal
crd_c2b11d41ddb1477a8f7293afb674c765,legal
crd_cc2d13ea26124968b44151ab66a7a343,legal
crd_cf7aaffeb44d43fdb372b21fec59ff3b,legal
crd_7c0b98be9394466198db3610a9b64953,legal
crd_85e0edbb8cbd458fa3957029a8bb5697,legal
crd_b30843c0d5e845ee88fc040b5c5e727b,legal
crd_a86ebded73ba41e2ab58fcebfd30eeb0,legal
crd_e080b948d1bd4c87b40c050f56b2d50f,legal
crd_69b75104832b4cd6ada38b185f7bd579,legal
crd_a2d28e5e695747fb95ebe50f891eb0b4,legal
crd_6b4e0c325cbb46698922c45438b4f1a7,legal
crd_6b3ab2c893c34e5989908e451259e1b1,legal
crd_9db4390c3200400db02bf38305508d38,legal
crd_4dff89f588a5466097978e9889eef559,legal
crd_559add80c2b44fb0bc383708f59d11c5,legal
crd_6571a57fd39542b6945b43880bccc254,legal
crd_350f66335966462b90a118ec2d81578f,legal
crd_f27f48f1eb8642a39de3ea91df67ccfc,legal
crd_407bb2a4ff5c4d46b0e4e76cbc2be949,legal
crd_e74ef94562b9440e8dd95ada098728d6,legal
crd_3f9c08ed5eae46f98e593890c2ec975b,legal
crd_49b96ca319434f588d5d36b30597c832,legal
crd_45037644be034dad9ec46ffdabcde550,legal
crd_7f4cc9a32a834ebabaeaea3407d06dbc,legal
crd_e17a4efa1eaf47e2aefdcf3b98d4f03c,legal
crd_3be63bf0c46342acb7d08759788757b6,legal
crd_59bf4857765e425bb663ea128e53ee0b,legal
crd_5ad957ef62844bcaba344b0af0a5ff24,legal
crd_1666aca597bf414e87a2cc320b7b2111,legal
crd_19a7e851b7724bd58b285b76eb387c5a,legal
crd_e70380b0a938449cb7e2b433737ec824,legal
crd_f1f7e5ef15f04872a721d1792aa677d1,legal
crd_a7c6d3aa2de6462f8d205d70a8fcc54f,legal
crd_df33509235464d18becdd63bd8ce91eb,legal
crd_a6ae2c14b1b849488f1e8c8744401a05,legal
crd_0df4378c1d3d40409014b2502a9926b1,legal
crd_3f328e2a6ea741bcb31348ee2954b3e8,legal
crd_6e0a4c7a191f4e6fbdc58193e35bbc7c,legal
crd_3c0355d3cc2d409e9b10876744aa534a,legal
crd_81867e9c25c44f33aa150e70b57bb4dd,legal
crd_19c135ff62f2427d93b3131114b4c10b,legal
crd_a23c99ed9f3243969466fb000bd139dc,legal
crd_ce469941c08b425484af9a8c69eb8ce1,legal
crd_1a45dd7bd500476991afd5bb75f173b2,legal
crd_f6c70da42b524965bcd4f7d6d86e8437,legal
crd_2a6cd27f6ba44515827ed800f377cdbd,legal
crd_63c2ca66eeea417b9079d833e0fd88d4,legal
crd_2bd7564121d5445ab350345c91a45ef4,legal
crd_8d5ff9b706fd4f59b44e0ca52638a257,legal
crd_a5a7e2a876b24835aca7fd5cd5408e0d,legal
crd_2556ec8a10224e6bb75f2bd54e7a612f,legal
crd_e372495979314c78b3613e2b19c30366,legal
crd_c401f199cd7046b4838589db368f2391,legal
crd_6b26bc2dda6e49bba695529a039dcaee,legal
crd_071ac28029b947ea8bf6b77d287ff401,legal
crd_7d72a31f03964ae2b79110b788039b73,legal
crd_de24a04b1d83417594730a5036cfc2a4,legal
crd_47e91685dd1f4021908561ca134dfe94,legal
crd_02e7c0b1ef054407a29dc95b1a8d7d9a,legal
crd_91e0b5934fad4b74835dd274b02d484d,legal
crd_3d8ce215614244a483a06d6ecf99c2e2,legal
crd_4a9c161784fa428f843e9b76858abf96,legal
crd_39139dbf0feb48b1924d20cc03c58d47,legal
crd_43467fa51d7b4bcc9ebe110d9fe9e3b9,legal
crd_76258afdc2084ca2b2657664bbca3efa,legal
crd_eb91a973f3ff4394a919aab77d9c71b9,legal
crd_fcfc387c36dc450c93bb85840e3b6957,legal
crd_cb6a73f229b646c8bf57adbb4356dbd4,legal
crd_0de7275633824d0f8b48461aa047a472,legal
crd_8f64870b7d4f490ea13c8da48ebe514b,legal
crd_aa19240342864dd7a428b95c5b6a85b6,legal
crd_2c6eae027003403c832a8463afbb6ec0,legal
crd_33db0577186a4483aa85190fd0496d90,legal
crd_33a1cfa2557e48ba8b7aac42a10592f6,legal
crd_e6bc27d53eb341549fc31d79de6ddb7f,legal
crd_cabcdb68fdc14360a495869d3e7fc281,legal
crd_9600ba030e244c31becf34a3bf0822af,legal
crd_ec7df19190b24fe1a70ac895f40b5853,legal
crd_0b0cf12160764765a874a7fdee924d25,legal
crd_217eb0feed8b46fea1b5dc6c0b2b9e12,legal
crd_25c3b767ba91433682a1643b31b7645b,legal
crd_e854c2e94f504118b3618ae2eb10a195,legal
crd_c165a1025f82402fa3834ed4c9da14ba,legal
crd_665baed36bfe4c0194ea9e3b22b19ac2,legal
crd_4fa7d5ae1044415e8ad8c609a527498c,legal
crd_fdde46d849ab42f894ccc15e3cd38f12,legal
crd_097bd499debd459f9ce55afa7bc72d66,legal
crd_4dff2ba7b2d744a1a6c33741e2c1fcf6,legal
crd_6a986375d35444ad9660332cda624a14,legal
crd_d32d5f07d1274a6ebcf0e8e437155768,legal
crd_94245aa3b4a241379cf9f7fbbf7f6cd7,legal
crd_74dbd9f579a34dbbaa8cd2139122ee97,legal
crd_9f35462bf6cc430f89c193d85507ea73,legal
crd_3325b070fe8b4709b756066f49ba3b3c,legal
crd_b2976a87410e4dd5a753e7f871c2b6fc,legal
crd_fdbf31b467214b229b4e4f149c487a47,legal
crd_5fa3eadb1c984d63b845035c1e227af9,legal
crd_5fb3a8282fa34c2bbeb9a56b4ccc7e36,legal
crd_86981ec7570145568aecd428c2b88101,legal
crd_3a299da6bf864690a188f07aeb55ffdf,legal
crd_327f997026094ec49f0dc7d77e4628f5,legal
crd_eb6216aa3f6b4cccaf6216809f915658,legal
crd_48cd856a0632489c916bc354a3090cb2,legal
crd_151c0155aa7c4f4fbec1bdb3a10f2676,legal
crd_24031addb4d1417482177b19c5d8edcb,legal
crd_8e6dc19330d3414885271a4243ca3da4,legal
crd_aa294faf68c14f559c22e0e79a6c101e,legal
crd_540aa5414bc94516a563bab640ced601,legal
crd_22373df684c0420ea90d2f8508ac096c,legal
crd_a9c86e6316084d76a03b32be95977091,legal
crd_35c968e4b25945e897940860221f9d51,legal
crd_cbc18e77d7ec4d50bf19650a9a559686,legal
crd_5739e1f6076840cd901a1bc283ca6e96,legal
crd_ae7e91462bfc4861bbf97e99ed53a1c1,legal
crd_1a8604b7ba6c45e2bc8b32b0a70d08b5,legal
crd_7c621010e3e6471d9916eee4bcd0b11d,legal
crd_f839f8a7cb9a47ae962503f3ea69bec5,legal
crd_72fe56f4aa85484284d8e3632d06ad9b,legal
crd_021c1d57c42d4fb7836097cbe9eacfb7,legal
crd_80cf71e223cf491796609458b2866665,legal
crd_b42271147bf14a5e89d33571e64abb6d,legal
crd_80c9df6d04f94ccab3df1e24619e21a3,legal
crd_a853bb92fbe7486ea510a97f6a8494e2,legal
crd_edb9044de69d43319f8a3eabb7111333,legal
crd_4dcd2225913d4c7b8ff2527a2b1b3fb7,legal
crd_a0934af0f0b04689914f8e20d868c1af,legal
crd_2ea290775cb046cebfd884af9fd14fb6,legal
crd_c0153fff146d4250aff6c03e0e1744aa,legal
crd_dd1edbb4a44c4017a3aabb30184c0888,legal
crd_294d9cff39f64e0394a0af134957afc3,legal
crd_17b54146ce0942e29c41fd91356c1940,legal
crd_4047afdc24734dc081571f81815febd8,legal
crd_497f584c0a1d45e3aea9795cff7150df,legal
crd_9939fa3d69c24dc1ba7479c32d541229,legal
crd_9002164290424cb1911b9817cf1abf95,legal
crd_74dbff9983194285973b48e74a2c3f90,legal
crd_a8b84c38955448fc8e9851870f2829de,legal
crd_e04ecf128d0b4bd59c3764ab5bcb978c,legal
crd_0f2a801e619f4b5eba26e139a30e49ef,legal
crd_42b2c061d90345869820c14b4bad81ee,legal
crd_e621d41552194ed9819082de86d7d7fa,legal
crd_59c6d7badfc34295857ca0743b40ceca,legal
crd_58e889f440504f44b3283ed76f3f54a4,legal
crd_8f1fc76631484555b4722899212d5625,legal
crd_982da8b7486a480fac3fd751a353a4eb,legal
crd_a7946badda8f45c59504dc3df868ac26,legal
crd_c7bbb74e75664ffc99444f764f2375f0,legal
crd_258d12e6617d4e648d73be028f191b40,legal
crd_5b7424c24743452289505b89cdf16f9b,legal
crd_29586917a2974607a3961531ff425f4f,legal
crd_9f0c12874b204c0f99d48aa7ddb68c51,legal
crd_f192e99706074455884cf28efb9ee03a,legal
crd_15a22d22153042c6ae825f60587268f1,legal
crd_eaceb59bf4e6464c98ac6c6c37fccfe3,legal
crd_0c75f068ac98487f9544d1bce3858b39,legal
crd_bf3808fbbb364067a497257398cf353d,legal
crd_28b38ef0a82544318f15540b4351041e,legal
crd_66c07857c8554f0e838323669a19ffa5,legal
crd_140b4894a53d4884a4ec1e15dab9319a,legal
crd_a7a6c097879443db9bb5299c7017fd20,legal
crd_dd2e51f86dbb42e59b5b378170b9c189,legal
crd_d469872faa0b4f0fb50d4a0dbc521211,legal
crd_178373b0fe2f483b90202bfeb6014e0a,legal
crd_5fb77165fcbc43e99fc15c3d64426b65,legal
crd_2eb85540f12446e38d0eef16937315eb,legal
crd_21cddbd22cb445fbb3b810abe4ecbaf6,legal
crd_b61f1e595b3844cdad00a05ee402457b,legal
crd_6505ff3398e942299cadd1b3995258cd,legal
crd_65f55cf2eedd49668ac8946ebd4d2105,legal
crd_bdc1291ed02b4526802da87554f615fd,legal
crd_217effcb1f034d1ca6e36929cce6f11d,legal
crd_4539b94483584e5591a52ff5f95348ae,legal
crd_26639bb10e744e3ca745b81492084497,legal
crd_8f5bdfa86b31418bb75a251ce2ebd313,legal
crd_2d0021113d084cee92cd6b33f104c1b4,legal
crd_f71295d13f8441589472b5a993df7372,legal
crd_8702d63bf6f64674b5871fa1373a1221,legal
crd_3bee770abeec4669a01be3a0e307cf14,legal
crd_d7277fc755604989840cc645a4324ba9,legal
crd_09c5139c68724642b9f7e54f50264473,legal
crd_44c51a9b55cd433fb569767a78ebf976,legal
crd_2712b680c8c541bc868af5e0e208d295,legal
crd_388773c70283456b87414157b1eebd98,legal
crd_d06befe89918438384a8d38e7acea2bd,legal
crd_1f22214638bd46d089a6751e57dfd829,legal
crd_61d6a3538b6e40389baa4516d896cf06,legal
crd_57067560f7f0499da43dd94731e85552,legal
crd_3d71ecca4c6c4ec8ba289a785f237535,legal
crd_70a2a01e064142b0a132d9ce3a86a293,legal
crd_38b8a802fe784ee286fd81ddc09ea7ec,legal
crd_af531020efc14cb38f4ffeb159eb8eff,legal
crd_abd789362dc8479c8dc89e89859b6a6a,legal
crd_96a14bbf788e4a138b05f46f08c0fa47,legal
crd_773d33f2fd1e4f54b3a47363b31ebce1,legal
crd_56206ef4f9ec4b82afc4a656d41e5ba4,legal
crd_5417eda101854e4e965af0714d41cb8b,legal
crd_0ac3ee4c2bb043a280fa2e4f7f6505e7,legal
crd_b0d75ae5da0646e797f1563c8811e629,legal
crd_762ed07f53ea4ca6a4cf7ae20ed53535,legal
crd_bb689737789640e98f540464691035a6,legal
crd_6cb1a1b4a1e447b19a2a22c63e15dec9,legal
crd_ca58ca94b74e4df8983b1eaecff999a3,legal
crd_3b8a6e3644374d98828747b29622e053,legal
crd_618b8dca0fe24706aae51c2c75736dd9,legal
crd_e7fa7e2b66a6410b9baafd7d7e46f119,legal
crd_07556ab263e64b3e816e9b094893b497,legal
crd_e99a28536b8c4a7e98db8ee70e564fba,legal
crd_c7b6cf4db56e43acae3ec918308dc672,legal
crd_79e2d6da18c84548bfc363e1aea10da1,legal
crd_cd05e8e7bb5c434cba3487e6f2aaf7ed,legal
crd_12e044565cad4dea9a798105ec0df2f2,legal
crd_da27f6ea33754e3990af2592197c8c35,legal
crd_6c8b36633fae4e9c9106e63af43934eb,legal
crd_d02ae657899e4523a0db31c20bdb03e9,legal
crd_afc3862d2be34a6893a1d99cef9c90e6,legal
crd_dbd4475720c8479481050b2ba6ef3c5a,legal
crd_ab7661f7212743ee9509dc6f2546baa6,legal
crd_57e2c4722d1b4d5c96a196415c1ca434,legal
crd_8bea9b8848964337b64e2ceed5c41302,legal
crd_03e583258e944837bd3b9f4772c45f8c,legal
crd_58f8144b0f884b70a2a6b946ba8377cd,legal
crd_765e58c338aa4f4aa667d89198ec741b,legal
crd_5b7970f5f54d4311882227c856ac28ac,legal
crd_c3acd1c879e645779501109c65580c93,legal
crd_35af1bfc231746a3914e8e02bb3b8afa,legal
crd_8fe17bb9974247b18e4180d4e4df3ab0,legal
crd_7cdbe543d7e447a6a84144d85870b3b9,legal
crd_2079d6704f3a4822be89fffeb6ed32dd,legal
crd_606b261078744cc8819ce42293651b88,legal
crd_90c1d84c1ab7490897021c0eb19f781c,legal
crd_de5bf1478737423d8469d662e40a89d0,legal
crd_bbec90ced5704bd6b427c55fcfc0e3bf,legal
crd_4a59e793877041acaa1b8bf5543d85b0,legal
crd_d9c43964a9e84935940c0e01e52a7e6b,legal
crd_d716dab053a54d448c9544db720aa77c,legal
crd_263c69baf83347208e5cd76863a4afd9,legal
crd_3ef4ed482d774066a82884d9424efe5c,legal
crd_5c2aaf063d1f46c89b17dae93940f47c,legal
crd_8ae1e6ad39e04645b85489774efd1418,legal
crd_eb12e8151688469f9b259778c64812ca,legal
crd_42751c368c5545afbfc23be49ae65519,legal
crd_e79d0ba09f4342b5a7a3ffe96ebef508,legal
crd_37a7ae2b078b415aab3dff267ca8c86d,legal
crd_2224596386434e1cafa9972b63cdf6e1,legal
crd_36f13b7802ed494fa436673cf2a765ea,legal
crd_1f7b39db813d495ea2aebf5c8e7ddcbe,legal
crd_bf643690c507479592f493f27a9dfeb2,legal
crd_b90a24aba39e4054897969f472657dc9,legal
crd_2853060e0d9f479aaf19095e11706ae8,legal
crd_40dfc709e42242c8bf1a905735708345,legal
crd_be06b6df39cd46c2a192ae1be15fb42c,legal
crd_32f858adfcc74249b32a879235f871c1,legal
crd_26599f04c2b242a194da9d9207b944b4,legal
crd_20286eaca8e44e0c8527a00bf07be1c7,legal
crd_0377cc62eb6044bc808843bbcd39eb48,legal
crd_af45f5f03d0944e79c47f0375cc9597a,legal
crd_ed931c16cb0142469bd6f7571576d61a,legal
crd_323c71c954624f77820944871a8100bd,legal
crd_03719aa382e14078a9b8a9c35946e850,legal
crd_268651d4999a481faa22b6598a4dea0c,legal
crd_f6e236483db94d5cbd74ec3d0c69f685,legal
crd_4b28e79eba2d4d97bfcad188fd8db943,legal
crd_0e74340fa12045cb9bdb4824d72f2ad3,legal
crd_b792d79485f44ddd8d1fb20b25cb19a3,legal
crd_e5268062a91d46d1b89bd272a3f8c043,legal
crd_d555fad606ee4b13b0493364de8c4cda,legal
crd_9b50f321f3a44275b82b5e49b6766c7c,legal
crd_162d0aec8da44e1d88e84982dd524156,legal
crd_08cbc914c0634bae8d6932b81f7bcdcb,legal
crd_f4f749bc095641e1b953b1784a6efa51,legal
crd_d7ce71c1b8814223bb8f1d9ed75cdfb6,legal
crd_551090cbc3134b44b9736a0fd5320b3a,legal
crd_02bb98b56ae0427abdd944699f1bda1c,legal
crd_7cfbdaa5c45f4ee9a73d3359c2f206c7,legal
crd_3dcdfd3bf35341d7835d5b51893bd0cb,legal
crd_bcef0c1c280242a8878b505860c6d89b,legal
crd_6cb237f1ebb641b1b4eded004068e865,legal
crd_a5ecfd31d79b4556ab6bf7233081349c,legal
crd_9ddadbe1950b402696855e6668e5cf8f,legal
crd_a2ef85d2f5774b6d910349770f5db42e,legal
crd_ba5d06b298f545f8a2df2df6accd3294,legal
crd_835ae01a69684fe7af625817ecb51341,legal
crd_01a9a94d42824240b555d065d5f5f715,legal
crd_3185489386dc4b9a833fec1e0668d65f,legal
crd_c894fefd53624306a2a7f29942641a9c,legal
crd_e0862c1712b84e8eafa76836362c9870,legal
crd_e8595996603e4e3ab8d772a573e75f5b,legal
crd_11587e02677148c28e30eeaa164a2569,legal
crd_53adf0c7c527414ab222421a8b5e4ef3,legal
crd_e993888b82a845c698effa4248c9a980,legal
crd_0d7681a6ac944b5aa5606946cff8ebd5,legal
crd_2e7bad8041bf496fad79f3ad42a4fd89,legal
crd_7f533fd75db94b9da5770ff4daa062ce,legal
crd_8b213fe23fec4f629b8368b197d7d7c8,legal
crd_4bf96e5f5d6146ed8ccc1b2021393803,legal
crd_fd34f98e6230426fb411e1fd8528a7dc,legal
crd_aca54534108b43fcb881cb411581c618,legal
crd_6d38ee3cce1e48ae9a8e945734ab950f,legal
crd_dd040ced1dd34dab9d822a6584cdc41d,legal
crd_da097130ff544f99b4ff980b404c053e,legal
crd_a31f635bcd1f479f86d0a7d15c17e6c9,legal
crd_91f835d4527741b8b1190e6695d55698,legal
crd_8f6772e3a731466797fceabc9e3543d1,legal
crd_b99de29dfb744a0184319f957208d126,legal
crd_308aa649ad114f3195d950a5a60586c2,legal
crd_df2a4ae009034326bac684df1aac9287,legal
crd_989cc7ce93b04fae9388328e9f46d840,legal
crd_7295a54624614f55a8d469d9d6b2e502,legal
crd_bc7f7f83093148e6b3f0adb729b6bd61,legal
crd_029ec16d7f294ef0a9e2b924ae6819ce,legal
crd_0fce6ec303a44937ab4b3f6ace5d4f5c,legal
crd_e66f39ac0f6a44b0bd2f7ffbd633cf9b,legal
crd_dbc5f2c9f1cc41ebb7b6ba6c9133a942,legal
crd_498044d6e5da4eb3868df6a6d0c058d4,legal
crd_80c0754783744500af77590d9234826c,legal
crd_9bf4859e7a784073aa4b4de08c5211f0,legal
crd_51a5b016b78e4a22b0f2b527a65d2147,legal
crd_8d3ed88361eb4e9e8af1cc1658ec69b1,legal
crd_bf617c80f0c9417a8434ffa4428e7911,legal
crd_b54632a900e042c39771ae748820bf43,legal
crd_5359fd5a9e4f43568d3419a2cd737640,legal
crd_c7979a7d0305443eb9ddb9b10469644d,legal
crd_d12740d7854a4ff69d2921c943454bc8,legal
crd_a8ad84833e7f41d5bf65fe1787c65fe3,legal
crd_d30e4b994223457c8b38bc696aa91e06,legal
crd_eaf7db4a652b47939bddb0db4c9030e9,legal
crd_b20587f1945e42d59b750f9b69cc4a6b,legal
crd_7bd65d4574434dd3ba908203c8cea774,legal
crd_68c45595c25041f3bcf2073a5b533edd,legal
crd_34dd94ad32194a96931c9e2ff311ad26,legal
crd_45acf301d7e2469fb961cc1f06bd2889,legal
crd_93ab5d88940f4610a375a928963a570f,legal
crd_54e413e671dc4fa3872b3481db960d47,legal
crd_3694abe0d09349ca9dbef6861ea42f5a,legal
crd_3088ee50256240d0b22c045f593df9a8,legal
crd_d0714091b2a14f478e2d7704c8eb50d8,legal
crd_016db7e8b21348aca4b407fb6d2ce26d,legal
crd_6155d5f7f7da4f3da02d755d51f10fa7,legal
crd_20f6a0577b714cf393648a074b1f0bb2,legal
crd_79195cfde0ae4948894c37bef02d9e6f,legal
crd_94501fb9ecad49e9a81cd51f7c31dac7,legal
crd_8ac9f95c19af4213b7c6aed341965206,legal
crd_ae2a969b746542268ff0bcfc735ea367,legal
crd_86d6559da2404639813a26adaa8ccedf,legal
crd_40af5ff824594a7a899021662e0210ca,legal
crd_bd9957831e61475fa527ff77c2976f40,legal
