id,usd,usd_foil
crd_7b8a887fbfda4b869f7529f31da115f6,0.09,0.21
crd_f17c60d077554d25b50fd934061b2e32,5.25,14.31
crd_59aa66bcac7b43528a3c9c01f4bc1124,0.2,2.09
crd_582917ea24ef4aa4a6921fcbe55d0100,0.09,0.18
crd_88538250940d4c2c8b56b60aaeb07674,0.08,0.16
crd_a3462450711a4425947830aa8a6039bf,0.1,0.26
crd_166f05d54db54c06813b6dbb7693255d,0.11,0.18
crd_4e3967f948654fc9a2d9595743e1709f,0.09,0.16
crd_39972f3e75a3417488662b70443b3164,0.04,0.18
crd_65868398266f4f95944543e1568bf043,0.06,0.14
crd_5976c98ec3d145c686c0c1d5042a8ca2,0.03,0.21
crd_68660de4a81d4426acdb185e3ff4813a,0.11,0.25
crd_f20ba045e5754b24b0c431115ab83dd8,0.16,0.28
crd_b0c8c37c12834fa1b2b7d831b172ff0c,0.18,0.84
crd_17a352bad7df43d2bfd36a9c2c475c6c,0.23,0.57
crd_c01f3a4124be48dbb77aaa45281e74ba,8.17,12.82
crd_07af0c79c9fe46728b147454f273deac,0.09,0.24
crd_a0d0572121974dd1afc318bb0fd0907e,0.1,0.28
crd_43a7721fdfb145f8a5216c85da2c77ec,0.17,0.77
crd_a94b5e02de4a43bdba60303fffe3d20f,14.66,28.5
crd_4557d5bc41de40728df0ebbbdce4787f,0.13,0.58
crd_6656edfc61dd4cc0846fee37f6c8e7b9,0.06,0.14
crd_8497d60197bd451c91b4c2468f85b156,0.07,0.17
crd_19217586b3924276aa8996d318f83139,0.04,0.15
crd_5de4864e187a4039b3e47b6ada93b801,0.21,0.72
crd_91292f4ca0684baf9ed9715bf7caa07a,0.08,0.3
crd_a9d39ce276fd4f1b9435d1bb1d09559c,0.08,0.21
crd_128b29d2aef043efb62b2fb63189c4ca,0.08,0.19
crd_be7a93b4b99b4a8b9da63fd956fa3c86,0.08,0.27
crd_cf72db3ded534d7086fb4ead70250f95,0.17,0.41
crd_d4d40d9e539442f592da01b640e440a7,0.05,0.19
crd_4251575ec547497da73676a6a09c8872,0.17,0.87
crd_a631b5ead5b34dd4b89ae313a3dcbd1d,0.08,0.27
crd_2fd6877d711c45f68ad61690d224306a,0.08,0.19
crd_c9365d1b256c4d0fa0600686f72b6f3b,0.92,3.18
crd_856fe3c718b544ba808b79a6811bca02,0.32,1.39
crd_cb73a29ef0e94fdb80188902527c5d86,0.22,1.01
crd_8a0ce27bd434498ba454be0571e58c5b,0.06,0.23
crd_c695077508c44d728ac42c65ac8c97ab,0.09,0.26
crd_6fbd9103624b4b8d95fec133326385c7,0.19,1.99
crd_617dc5c42bf6460da3d61a1f330186bf,0.05,0.12
crd_2f12cdedeefb448eb412128fb4a80fc7,0.07,0.13
crd_ea5cca0b6f8747b8a438b6cdced02d93,0.14,0.89
crd_034ca9ad96044d5297e30286fbd64ecb,0.06,0.17
crd_92d831ee2e5b430a9bbbcf7d684bbd57,0.08,0.17
crd_65425d8d8a8447d98f4571b7e42c8782,0.07,0.21
crd_6cd588941df64ee2a38738b7f7e23c6a,0.07,0.36
crd_99ced91e0cc94c6cb0be7bf655372dfd,0.15,1.53
crd_1419caf47da54560bbafd279ca6cfc4b,1.54,9.28
crd_dc31d36d626f403b871338da45d0a685,0.09,0.26
crd_00d0840f303c41b1868ce427b9aaf837,0.12,0.36
crd_97344330887a427fb7f2cbb01b7a3f0c,0.17,2.47
crd_9a41d700cf2749da8eed29420df7467c,20.04,33.24
crd_d84325bc9e814a69b6789f424c3a1eb8,0.2,0.66
crd_997d20bbd2204f4a8cd9670598d8405c,0.21,0.83
crd_02c20f35d83f4d6094a4427dae0c821f,5.03,11.78
crd_c6f28ec2e7a94ce0901675915ba9ff7c,0.14,0.26
crd_421a2dfb847b406fb91556a8ee090423,0.07,0.22
crd_374115dba006482aa076efca3e52635a,0.4,1.88
crd_6b0de2d0a5b84b5f852ba2a8eccd1a17,0.15,0.24
crd_5cbbabaf0d9f4ad58c942174904a1d8f,2.01,4.13
crd_9bc0e3add087485a927ee66c7414802d,0.06,0.21
crd_d7336a7cef10416793a025c24ffc28a0,0.06,0.31
crd_bb8cbf92bd50483b979bd9ad606987ae,0.16,0.79
crd_2a6593b0affd4fbb8860ab6b3b131a50,0.5,1.6
crd_075482312a124f6585f77be3a693f63f,0.1,0.19
crd_030f9799a2ef4cc0afedc46a03650e70,0.08,0.22
crd_107f43772b78405f8a4fb587e8279d14,0.1,0.3
crd_9119b44cfe67444288a32f23009541e8,0.17,0.29
crd_3aa1cf07954647c89708b98355e6c976,0.23,1.45
crd_44fceab89d3a4b40bd343c2c84a5cca3,0.22,0.93
crd_efcb250575354ffd8cdce9e8c45d52bf,0.2,1.39
crd_2331f6d883e04464ba99cfff895683e2,2.92,7.98
crd_f20b9f97af684d8e84eb6b017eabd8d5,0.12,0.5
crd_9cbf437511cf41c7b61f04f01a22c39e,0.14,0.39
crd_7c33f5d581a4424f97da41b37ef8f723,0.05,0.13
crd_8c75431635854114b956328d8d30aa10,0.04,0.19
crd_aab30247315a46debf548693f0b814c0,0.05,0.21
crd_e2546a2e03c8442aba30fd09105e54db,0.07,0.17
crd_466a67ed11c64db5962523365e633f0d,0.13,0.33
crd_9aa8f725b1184ad1ab93f2c138625077,0.52,2.17
crd_23e456f99c354c9892c90d72d6992bcb,0.07,0.21
crd_11902901f7364369970762d49a1a760d,0.07,0.36
crd_ad218b44923244058918299a897f9e4c,3.91,7.39
crd_582e975ec5b64cb7be3e406585a05a6d,0.23,1.28
crd_3463916fe4e54939a91ee57a62d50ba2,1.08,3.12
crd_c089296aad2d4e4c86c0225be686795b,0.05,0.16
crd_c53a704a909445f5b2837b51f29faa47,0.09,0.25
crd_228ea83f82c34ee6a0df937dd8efe3f4,0.32,1.83
crd_94afdca365e64d8ba0d826076fc4448e,0.08,0.25
crd_1ee71443799d40dfb924b0c0f041ea5d,0.13,1.13
crd_479312aef4f4411f8bd173c113ab31f4,0.26,1.12
crd_5406218b8d7a41a68bdf0be3029acf05,0.35,2.44
crd_7ce20e98d86e43eaaf8c525c60f4086c,0.06,0.15
crd_b87dd2f01e364f679975158dd2637a6d,0.11,0.5
crd_b2f167a1614348f194ac43b390bd7fe1,0.12,0.39
crd_7b4400dc0c6b407083fd848dd281e6d8,0.54,3.22
crd_1ed3d03ca8724920aa9dccede9e08900,0.08,0.19
crd_6d0654972afb4eb581136a391d3f967b,0.06,0.15
crd_9d508f285a934e1fbdd5182fc46734b9,0.14,0.47
crd_766de0c1ae8b4e5da1ecd7740eb5feb8,0.1,0.15
crd_2f052175c77d4035b1e261bf1675aee8,0.19,0.43
crd_2baa971c1cbf4f349f4d343cd97010d5,0.56,1.44
crd_c71e324054e14edfa3df845b31689f31,0.09,0.23
crd_46799cbfa9fd48629572bf3851c598af,0.08,0.19
crd_e093d909d79f4dd5baaccae93139c95b,0.1,0.23
crd_8ca524116c8e486f99597ca9a67b803b,0.26,1.36
crd_f0088a27ad794105a7a6858c5f32e3a8,0.38,1.67
crd_6c12ae52fc6c4244b1f638ff2102bf59,0.08,0.2
crd_cfd767c1ed88437486b41bb5670ccc1c,0.23,0.63
crd_2f6b3b92c227489ab785e1d828ea5f44,0.06,0.14
crd_8f39dbce50c045b49ae76f290eedd29c,0.07,0.12
crd_df8f4f463d6e4b7483db0bfccd609059,0.05,0.18
crd_4b053bdcc56546798dfd962d892a3630,0.05,0.14
crd_01d728f9a98643378187ab0151a89b06,0.08,0.18
crd_7873f8596eef4066bc23325ceeedcfd8,0.04,0.21
crd_772912bd2bb0469890adfcc1b3eedd61,0.13,0.55
crd_97ffca1bcf534de0ae272cbe065245f8,0.05,0.18
crd_a5acdc20f6a54938be2874ab080a9053,0.1,0.26
crd_0e20ed4554c44df494fcf78ac9ce0239,0.6,1.94
crd_ea56665b30604ff0977e95ad7442f5f5,0.33,2.47
crd_a545a0ceb41d4f2583bdc22226df0e31,0.17,0.46
crd_bb6785f344ac4b43812ed03ffe3793af,0.15,0.6
crd_5123478aad6349f1a3f4500b31bc7d5e,35.13,58.48
crd_aace3808bd9f445195dceec7b4fe87e9,1.23,3.53
crd_edb66d70e4d743b9927bd431e8aaedf7,0.2,0.92
crd_eea9acebbeb6449a8cc03786f5bca24d,0.36,3.13
crd_abdee4f2746b40b48c29ea5f3da815b2,0.11,0.35
crd_025d33fc4b0c45caabfa10a108e46acd,0.05,0.16
crd_d388e59bbe7d4da98d3779993a350b4c,0.14,0.6
crd_d65c18ee25cd417bbb2c14e01f2a69a5,0.13,0.65
crd_3f429b4816d0421cb951261fa3552a95,0.06,0.31
crd_2543ac0748a945e3a4a68ef2f90e2feb,0.06,0.19
crd_b9c345526a994ae88d5832aac9f083b9,0.09,0.25
crd_5b57ee130c204b778df487c9826834c1,0.2,1.06
crd_5c09e6638f7f4eccaa8ae9cf545702cc,0.1,0.2
crd_7dd1be4d36094e6a9429298fb6a2d7df,0.06,0.13
crd_a881e85e281f4e3abe2fbf0437a5c159,0.07,0.14
crd_64b2156407ef4b99a1636bf189825eaa,0.11,0.21
crd_7394b4b887f3447dae760121d9ddef7b,0.17,0.61
crd_975737e961724e1983ed15fa1f6fbb33,0.22,0.56
crd_5fe66ed6c5c842ac9e0ea2eba5ca3a4f,10.56,18.42
crd_aa952f818e964c30b5d4be10e3654474,0.16,0.71
crd_b513512cb8c04917ae7d0cbe7e1aa355,0.18,0.54
crd_4aa4ce170d6840e393a1ffd6c44d96ee,0.13,0.45
crd_e4908765126742488bab30dd0beb2c12,0.1,0.25
crd_6e547f6533974321a1eb89579e98cac0,0.05,0.15
crd_cbd38ca5b3b04da382b8aa2b3da66adb,0.09,0.14
crd_40ef816e4c7a43cba37bb9f51a586626,0.1,0.37
crd_48304fa82c024098bf755ea123884358,0.08,0.26
crd_57018dbc35d34f65ab2480f09404907d,0.04,0.12
crd_6e0ebfc57c174717baae1a0ec2a16830,0.07,0.29
crd_3a009848a04944aba8e7402d221c897c,0.29,1.55
crd_7115d5f5c2604ff08596a89ef6574d19,0.17,0.37
crd_d27f3196f81b4b17a0134b39608aefe7,0.7,3.42
crd_b846145aa8e84e80a877721741b41f50,0.23,0.87
crd_982364cf0c5f42ee9ba82a335bf674b5,11.06,19.07
crd_fbf237baa9744eb19ca3d4e6c280d587,0.07,0.2
crd_ac870f32bf614f27a7b0c0bdf88837fe,0.24,0.74
crd_c2ee125c29104a138b2a26608d6849c1,0.25,1.86
crd_dc30f4ddffb84e7daf742ee323cfb552,2.24,10.79
crd_a9c9c9ba97d94ac48f2a141e17b96230,0.21,1.01
crd_049739e69c034e898c3c48abd37544cc,0.45,7.26
crd_82a7bdb095d2477bbad45e524ad4a7dd,0.07,0.18
crd_21d32224cf9f452ab94f70d9a2b40d79,0.13,0.75
crd_edfd3ef020dd41d5b1733088bdf2c991,0.06,0.16
crd_bb181c94e74a4e6e8983a33275b59f55,0.46,1.03
crd_f19a04399d3d44a9b9e346a4ee4741a4,0.1,0.26
crd_d6deefa8519c46a39b105b62d7b857f4,0.25,0.51
crd_b499c66fd5104b3a994c3a6bd51ba692,0.07,0.17
crd_6df56dd3dbb5471589800f12bba4eb46,0.06,0.22
crd_af36de00a5544c83989f3295612c0bbf,0.16,0.38
crd_c2b1ec76c46f4bc795726d2c2113e478,0.1,0.5
crd_0b5dcdce945a404395b6c65a894ecf6d,0.28,0.47
crd_7ee0b368f69e45f7832d164a926951ff,0.16,0.28
crd_6a19afc00c8b45769267ad82f20e0929,0.31,1.31
crd_426eee4c74d74ab08c77aea2b5640760,0.05,0.17
crd_3071dce7efaf4e139b192b2e026b2999,0.04,0.17
crd_d9abb9a8a381433486a5da9e3173de4b,0.05,0.16
crd_1c5e7d4a006c4736baf5e602734fec5b,0.09,0.14
crd_fef968cf2e0d47fbb8f241fa7d91fd27,0.08,0.14
crd_7bea7155c9164c43949d5e4031b5d810,0.12,0.34
crd_88c973fe2a114a198654133896a022b7,0.12,1.37
crd_ccc37a7514f24045ad1e2c6cff286e6f,0.09,0.2
crd_bd9c0c2fd69e467c82c247d1733c0d19,0.14,0.27
crd_0b42ad3a223046c0a3807f04c58a552e,0.28,6.63
crd_59714153da7e4a6884f25a5c5edad2c1,0.11,0.3
crd_0e199ab83f22428784550f317e16fefd,0.11,0.32
crd_4ab60bc408c44708b7f820348cad85c5,0.84,5.1
crd_6c49377313ce45b683987dbd03936467,3.94,10.25
crd_f6c83c36dbe04bdcb19ee7bd9d0479cd,6.93,16.2
crd_3594674864b745f3830c15e72a221bf5,0.23,1.44
crd_b3029d9bf3ee4b7c8bf5cd2403f0b2f5,0.2,0.55
crd_10eefc9e8b2943c0a29f6e19a1c114a0,3.28,6.92
crd_ab3a202cb90a43beac5943ac4baad67a,0.15,0.34
crd_139b6ae1e1c04ea0aef5ef864e8ed14b,0.11,0.46
crd_7f56bbeab3ce4593beb4feea23724b82,0.1,0.42
crd_35df29e6893942a38a14f775719ce522,0.17,0.78
crd_178a79a0d95a433d9a6add9dccca0730,0.08,0.22
crd_4d8747b6f80e4bc5a39ace7edc6df9da,0.19,0.68
crd_513288f8ceec405e9b17fafcb0f5523a,0.05,0.2
crd_2ae2d2f7e846489a802db83587a26fc3,0.07,0.17
crd_dc9cd90360a14c2488e647a1934a17bb,0.22,0.44
crd_25d8f80f68574d38869b7853d737e8e2,0.08,0.3
crd_c1cd26316f4948a382770ffb29440699,,89.12
crd_4dfb12a1e5844317a783074a548bc8c7,,165.82
crd_60630688715e45079236d447087a9a83,,64.65
crd_d5432572fd3d4dfc95b01b682c71943c,,62.8
crd_b8f5f89ae4fa49e29637b1fffd9c9e4c,,79.67
crd_66c2f5fd704b45bdbe79f585ac31d6fc,,77.7
crd_21bfac43fba64c06ab62139f3befd6c1,,89.15
crd_03fecbc6607a4948a586ccf4f0915c79,,91.64
crd_b29e4a26e9324724aab37e97a7738476,,126.2
crd_b1ea1c67fc224e968a4906149590585c,,74.45
crd_865641f3cac34a65a36bb2404f4e39dd,,109.4
crd_37f652aa15934d2b9bd7ad15eb18bbfb,,69.38
crd_ae7e15af9559439ba734caac9aa567e5,,74.14
crd_7a1524eb2f994287ab6de2e677431724,,211.82
crd_c75fe9ce070a454696dd8d42c6931c68,,84.73
crd_98e2f67c2ee14092be9f89b31f20db4e,,105.08
crd_eb10018264004dc59f9bf0f31295d757,,67.95
crd_c343d1fc29f3491f95bb460c90e081a7,,38.37
crd_01d7e6fed9f74da6910769c8b8780f17,,
crd_49923766da0445deab289bad2cde7662,,
crd_5526a660684f4be1a1abdbd210e754b2,,
crd_ea580b2aaa374dff847750dee360b51b,,
crd_a0a1e1bb99794f04991929ced6001ae8,,
crd_8de3ae21bca6455bb44da9803af19ea8,,
crd_e18e96745a00405d8e927f8d4c75dc72,,
crd_8d986fbd95984691b7fe1a27a5e110bc,,
crd_b2e4820cbbda4610b54f3e9c00fa4576,,
crd_9093f79568f941ccaf0f4708a1b74133,,
crd_2867c1fd1a954efabc42975882f5be8c,0.94,3.24
crd_b00e336742ab4743850d9927c06c7c6e,0.14,0.31
crd_58705a75ce1c4f19aabe741129079750,0.46,1.4
crd_97f8be5e176144378d58823c6f9c29c7,0.49,0.67
crd_2ecfea1cd29e41618fda08362f460bdc,0.48,0.64
crd_82e9ddd673ac49919082b20bcb77abbd,0.45,0.76
crd_cb48f84437c6466281d05da11bcef9fc,0.44,0.63
crd_69bb8a1a94dc429c91610c92a7108dbb,0.46,0.62
crd_3ff14fbe696348d281fb1974bdcd8e5f,0.04,0.17
crd_0f90f3b193fa44789e5abeb293636e4f,0.09,0.42
crd_edeffddbafd54b319a0f9bf65a1480b5,4.73,9.55
crd_885f1f8ac17a447fa3c9f7b668fa8663,0.12,0.59
crd_a6d0aaef05744b279192132d481af4be,0.15,0.59
crd_a2bdf443390f4009bed7f162badd841c,0.04,0.15
crd_748599af9c8e4272b5f2926597a405ba,0.04,0.13
crd_fbdc035fda194814bd934292d2e78c13,0.05,0.25
crd_07dfc12012794405ad72a71f1a738c5d,0.03,0.14
crd_d087e066b0484bf9aed46a182f60f0ff,0.03,0.2
crd_a1c95bf6c8744ccaa5ff363453aa8716,2.19,5.1
crd_f478c96f7b1b45b790d74395480da563,3.72,7.42
crd_02f6ca615a304f47848ac36590cb7b94,0.11,0.59
crd_f405327bb31a4ca0880e91e09bf5893a,0.11,0.51
crd_fcdb51245c0a468896166eb745d1cf55,0.23,0.26
crd_deb260b9c0d5473f9ce8685415520940,0.09,0.26
crd_2e4b186b853e4bd7b5d3144645efd6a1,0.03,0.19
crd_136ffadfd42e4f968a125c32a8d18591,0.05,0.37
crd_e989edbf82194e8e9f4bd73426377d57,0.07,0.32
crd_56003cfee81148e9a2ceebe4136e4e06,0.08,0.31
crd_d1f9df5413484ad6975ba55243e4804e,0.04,0.12
crd_c6998d2082d348b18f01e8a90afde5f1,0.08,0.24
crd_5364fdf0cf144ac38d2d7c824f8cc72f,0.04,0.17
crd_54e5e880c70e4e2bb68cc318a7d47e34,0.86,3.7
crd_46df24a1b90a460d8572440c007f0af5,0.05,0.13
crd_925579c341974d16b613c348efe8df5e,0.17,0.4
crd_e46266028977431da15b820d9f665664,0.05,0.19
crd_b9ecaeeeee5a467ea41b58edda3b8f13,0.05,0.23
crd_c73b3306eee042a0a17938812b0a564a,0.46,1.63
crd_ed1ca708595f44a49f40680e20635ff5,0.12,0.29
crd_df136840866d426db031332e34942735,0.21,0.55
crd_bda38dbbd3974a5bb53bc91853faa172,1.84,5.47
crd_96b06169bec644898473633766c5e534,0.05,0.18
crd_54d0edb01460400e9612bebf555aa2f1,0.24,0.74
crd_fabf6b8091ab49a1b2dccff0b1bb66ab,0.09,0.25
crd_c6206520d53f48a7ba4b32af8ca6cf66,0.04,0.14
crd_a8ac3c9400574fac83d320e3c4bd6e49,0.08,0.26
crd_021972513f684c6185280e93fa2f41ef,3.48,6.57
crd_d8f0d093ffa743e48801e90e1b98cf14,0.04,0.16
crd_bf44f442286c4b5fa783412ae85c3b58,0.1,0.33
crd_9b1e3b67709f41c58130599854495ff5,0.08,0.25
crd_5bb1d62852d74227a37ae937c075eef0,0.1,0.37
crd_308bd5ecd73f4d26af79fb786fab2eea,0.07,0.2
crd_1613e74208754e64b862c2a8b28add19,0.04,0.22
crd_fc52c08c7f254d8cb1e54150de516407,0.17,0.61
crd_177102be31464591b1637a5b9b2b5aca,0.06,0.26
crd_ffec4fba40d948dc8cd4f54b5f9897a9,1.68,2.96
crd_7c8f8f0af4fb4d6087a414c04c0fca4c,0.06,0.21
crd_835c907af9be4b9d93b301eb3324b83e,0.06,0.17
crd_444d8b9e59e44e919534ccc79bd66d85,0.59,2.18
crd_a3263d84bb5645f3974b837b717d50f5,0.21,0.38
crd_67c15e1a10e04510a5f6c78cf9119e22,0.07,0.14
crd_8af5e037a64f41e58380427a86148bb5,0.05,0.14
crd_8b9133c809b04113a3b464d0f1c2ca82,0.16,0.4
crd_ef7ea6ffd33a4557961b74ea45e095d4,0.18,0.42
crd_f3f30e7e137c4336a2551abfa4b4eeaf,0.06,0.16
crd_7a47845bdb01452e9faae9028fb22eeb,0.07,0.22
crd_13df9fbee1d6457f8d4ca866073d28d3,0.06,0.3
crd_716a89f3b6cf4f57b66888fd4166d1df,0.44,1.06
crd_5008b128a011481396f80e0c9c5424bc,0.2,0.59
crd_4ae1ca3505fc492eb6e4310ae36f3ba3,0.25,0.73
crd_5ac4816ce7b240db942b5963a8db9909,0.07,0.3
crd_a4f0a9a928674b2a93d17f7c81eb09d7,4.05,12.99
crd_d9a1c24b8bf4469f8535e75c38cf61f7,0.27,0.59
crd_1406e73a81ad4687ad3e502447d21287,0.04,0.13
crd_25aa34175eeb4f30bbb9199f46040395,2.2,4.12
crd_566472b873bc4f0caf367e8bc583e92e,0.04,0.15
crd_ba452763794342109447ecb7b492d919,0.04,0.13
crd_f6b07239b4384329b151160a80691d1b,0.07,0.33
crd_bd43b98b4db44fc49f0aea4790ad393a,0.2,0.78
crd_43db4d680b1c4ea7a375334266b28294,0.09,0.49
crd_d3950786da4a4d3497090ce82253a144,0.03,0.13
crd_e672bba7d4c5402f82d9360fca1594f5,0.12,0.48
crd_04851c839e844359bfe6a0fa70158d38,0.42,1.83
crd_8745424825aa4fa6840fbb0a19711247,0.07,0.12
crd_1ab44dc7b1b1406ea256eb308fb857f5,1.13,2.89
crd_be70d689335140bdadcde5f5356e169d,2.04,4.66
crd_d4d29339b89f4a0aaeeb42f533e6fbbc,0.16,0.23
crd_1af5228c0d75411ebc9eccf5cae1c086,0.06,0.19
crd_4d6d0cbb004e486c8d038d3818d668a1,0.24,0.92
crd_45b441afc5ff420f85eb9732b8b8e0c4,0.19,0.54
crd_8ab16485ed264e15b2e70a3ff7d97ce0,0.09,0.22
crd_5aab3c53b77844b2921a280dfe53bdaa,0.03,0.13
crd_92c7a997ed6f441a807e91c8bd5aa470,0.03,0.18
crd_a9fd85371b4f4a45bb279981167941d1,0.15,0.3
crd_00735a560a294b3d9be2ca39fe1385a6,0.62,4.4
crd_00dafa7609fb42d2a1a8e4e81e79474a,14.97,22.36
crd_957cb3e7fff94353971bea94f4d0f154,0.04,0.23
crd_ad676278d4e74481af58729c5c986b7b,0.05,0.13
crd_86e375807dee4e26ab3254c11e7eed00,0.05,0.24
crd_699c0e28637945e0a2ad8698e9695bb0,0.08,0.14
crd_cc8e7afe0f344c32b64446caf7b31456,0.08,0.2
crd_bb11d0da1233459c84ade5157719208f,0.04,0.16
crd_1784510055ec43e49b13b2837192c1d1,0.08,0.28
crd_c6b673289f9a4d2680a50dc6be9605dc,0.11,0.38
crd_7ddf29d6110e4ccf838fa1ae76bbe034,0.04,0.15
crd_6438731e38f642b38a24a0b566078fa3,0.34,0.74
crd_872d8dd267f44d1ca4410036e7eed315,0.07,0.23
crd_341f45661be2402b86ec54dd9e402bd3,0.15,0.88
crd_962d3a1f68d842a2818db2f230723b87,0.04,0.11
crd_cded72e2cdf242d490be6e3e32c3e17b,0.16,0.6
crd_97817cbd2b964970b24740509392cf7b,0.02,0.18
crd_27a77344b85748bd9d7d45de2969c918,0.07,0.43
crd_f9025821a35c4cea9fd04182f7db5896,1.09,3.38
crd_163516a9fa684676b2bed66aa7a64a35,9.79,17.18
crd_bdeabb102e8a43af9b4e1699df256503,0.06,0.18
crd_d119988be09743af8639f30e658caa8c,0.04,0.17
crd_62c656f20cba4c43a1ed1f7ebc2ca720,1.24,7.57
crd_1b985f3a7a854505902294c666c69c34,0.05,0.21
crd_a7d5d3768a9d4c3db389429ccc654146,0.13,0.37
crd_c219f80dc2d34bea9b7a9bfdb4e04528,0.05,0.13
crd_d506a2271c444d7f9c2becae74535475,0.13,0.2
crd_c4bb70c1ad214e2093ce724398d59e4b,0.04,0.14
crd_d9f88c1c25a1490f9cac1cef82b51219,0.03,0.13
crd_ffccea571e7e4efb9b5258ecc03e847b,0.05,0.16
crd_74965b03fa644306af97644d8ad19c1d,0.15,0.45
crd_4d0b6d09ae6c423ea874fbb6c659355e,0.33,1.54
crd_d785c3ffe80440a5a9ef39641add4d23,0.06,0.15
crd_f05ecc57c03640c68b45c6fc102f8a92,0.27,0.66
crd_3893e351132b4fc28df9093b721f4f28,0.05,0.2
crd_1f0feec19b8843c8888d22c1520239ac,0.08,0.19
crd_89a33b4b36de4c2a97042cd58ca0e6e5,0.04,0.22
crd_b1bb1284147849648c18082ac8b7f6b0,0.04,0.14
crd_a4bd827fb4c6497fba686f38a21448ee,0.04,0.17
crd_980a374d3ce34527868e0f78b48f63c6,0.08,0.25
crd_d42f3cca7b9c46a988d81347b0a4ba8b,0.15,0.34
crd_cc0c5bf9ccbf4884926461d06eed76b0,0.08,0.17
crd_2ad6131751ce45c681919a185cbe640a,0.15,0.85
crd_890de7a0c3e34c8da80430d86a27365c,0.08,0.26
crd_993b13d7185d4c83a00718ee79e6ef00,0.06,0.2
crd_f74acb5e986f496092a1c5ef8bfa741a,0.13,0.31
crd_9f8f3cf328fe451e9be15353026085ee,0.54,1.65
crd_ac107df1d3864416ac579de7b826d297,0.16,0.36
crd_9ada4799889b49d69ae388f141a0c52c,0.04,0.14
crd_ada8dfe4da974553886bcf9387198373,0.06,0.2
crd_1121277f1b454321be2740185a61c1c7,0.05,0.18
crd_c978412b40d24029866de7fb2c2218ee,0.07,0.23
crd_2b3c2bc74af94a07ae07634fb74f237b,0.07,0.54
crd_db1756b0f3fb4f77b212b8d264b73f84,1.6,4.4
crd_921f3a8bbf1c486490121d18a6d45752,0.13,0.33
crd_234735870c52442da86a7f8b2910ab74,0.16,0.38
crd_fc70bb26c18544679b91bca3a7ad025c,0.04,0.13
crd_d77c74eca9ae4b56b85f6c1feac4c1c5,0.06,0.26
crd_9a81433a0c2c4944a0af1b1724213f40,0.04,0.19
crd_2acf88cb06b24d1f990226ef95b1e9aa,0.04,0.14
crd_b893e4f0b17c41338fe0396ba1dcc8b3,0.04,0.12
crd_99add79c98f24262aff4cdc1e3d8231c,0.15,0.43
crd_936d98ea79ba4a54bd3ef0a166ce6875,0.05,0.17
crd_c914737245874c918af51cac073d6d36,0.03,0.12
crd_396903bc291c456ab3a3ebbdea9b1952,0.15,0.31
crd_e25b0a04fd4a44c18a2d52940e33ff64,0.06,0.28
crd_2e69a512d9764bfdbfc1764bf8fd8e96,0.09,0.31
crd_62d821004e3d483a8d3d91a220cada53,0.21,0.32
crd_43915110e8b94147baf492d89356e0ca,0.16,0.69
crd_462476bc47ff4cd7bf84c2bb4cd8f169,0.06,0.1
crd_dda178292c7746de913c4dacee008ac9,0.22,1.77
crd_b6996baaca9440328210eecc4afdc123,0.19,0.64
crd_e2433a86940b43e8ac63f6eeddedf085,0.05,0.2
crd_f42bd512c6d845f8a20449124fa02025,0.16,0.48
crd_3ce4bffdc70b43b3b9da42984cd97a52,0.15,0.49
crd_b4342b1e77754c4caec6596f27f963b2,12.04,18.43
crd_9897b7dc2c8142b5b2afc74e87fa14ae,0.06,0.19
crd_d4897bfa5fb047a894e6f69c3feebc1f,0.05,0.14
crd_9f0ca76ac1444a1290ac0003ef15d292,0.2,0.43
crd_c653c06c96ec4b699dde5bcec70e0693,0.12,0.45
crd_e60ec9d70c4a46bd8b7e69b3092af826,0.13,0.28
crd_5646a42f0a98475ba7c07e55f7cb47df,0.02,0.14
crd_3c62b89fbbdc4162b250ee5525e10135,0.07,0.32
crd_2977bf4ea525446f9f26eb7c272ed37b,0.16,0.55
crd_380dc3639d7349c28a244b65ed675fcb,0.2,0.39
crd_7cc596998ca54d02b163996079f18414,0.06,0.19
crd_4b26cd44ef39414fbcb762fef390a5f3,1.17,2.07
crd_3cead19199044fd5bb448a13f2ce8189,0.05,0.23
crd_71fd1d1099c9451393725c4afa6ca274,0.27,0.63
crd_95f558d0b08e47cf9c92c57a7719f874,0.07,0.24
crd_03d2c58be83e4132a95c060de2b00cbe,0.07,0.3
crd_6910c7f861604c41b2921961ebf886d1,0.03,0.13
crd_f607033b63f544219ebcff94bd3c6e81,1.13,2.81
crd_e5e54863fdb8474db4d0515a2a562ced,0.04,0.16
crd_c608166f5ffb4bb195af64fb501902cb,1.3,6.22
crd_40537dcea12e45f1b057ab68b337632c,0.15,0.35
crd_03d8f4376dce4de989d8ba11a0d65ceb,0.05,0.21
crd_f68e5422b47243a1b385c562531498f4,0.15,0.71
crd_35f95b92c0ce4e8e85eef87a3edbeb29,0.03,0.14
crd_69258eaba19a498182c2e4039c89466d,0.1,1.03
crd_fc5e485b906a4e97b420d9ea122b4414,27.13,32.89
crd_989b5642c80e4a999f54f75e02a2fb13,0.23,0.6
crd_95033988f96048348b305ef2c6293ac6,0.23,1.37
crd_1985d10b104a4176a621275358537fa9,0.07,0.27
crd_810ae6612d094f8a89c5db907d193cf5,0.04,0.18
crd_420df750d99c4942abedc0cde1307a3a,2.75,7.37
crd_8355f42d81564fc288c8e67b0f04628c,0.12,0.58
crd_68b76d76c7b1460cbae204778e1da3f2,0.04,0.14
crd_d36e3111ff2a40f4916b08b01de3cbeb,0.15,0.64
crd_3c6f007d30714e5183dc6d9da8b200ae,0.09,0.26
crd_4ffb52f1841e434f9263e1b8973f46a6,0.04,0.18
crd_07d0c6cc94bc4eee9c5f12d78bc8a84c,0.23,0.53
crd_50ae7c2bc4c94414be98bbe98e01944c,0.22,0.36
crd_398194a72dfd4e41be4b6939e4e13ee3,0.07,0.26
crd_65119a74cb394cec89eab4175ad228bf,0.13,0.46
crd_7a288d030d1a471fbb818ccfdddc6052,,77.68
crd_ae42b2ab4e074f3e91c29d4ba2c3e601,,95.22
crd_bbb647e1cbe3487baa2ad65b27a999ba,,55.08
crd_3ecab24376cb4cd5989309e000f797c1,,86.8
crd_40690491af114f2e810a6fd1c6ddcafa,,67.49
crd_5a2ba6e63b07496d96a17d2565b2a1db,,50.02
crd_2e1d43823fc642549ba92787523ce17f,,157.77
crd_7c5be60911d844b48189f3a042abdcfa,,179.04
crd_a1af7dad15b64d31a696f7bbb49bfe92,,31.74
crd_266d7d17b42a44be9472057e4e6dd1b1,,53.64
crd_b5e74b533270492982dff9472aee8664,,69.39
crd_7c421033c14c40e7a5be957ba42bb1b7,,55.99
crd_7ad03b4873f042bcae4da820a7061ba4,,52.66
crd_ee9f19ba64f54bf78ba3cf40e0cac256,,70.72
crd_c9f08696c3cd44bf96e2a149bb3cfb12,,32.62
crd_51bf217683f54e1bb4e6835392851031,,60.33
crd_0a9db863f78c46429d3f1835d046bb2e,,166.85
crd_0bd8f734ff064b3881191b916f8354cf,,159.03
crd_a9407e39c2ee47869d7a634aa46a7f04,,
crd_f8c86fca55d8453da9c1c6a39a5164dd,,
crd_d01b88e57beb41db97537585ad763334,,
crd_09435d146f0844b3ac864e77a8ac746d,,
crd_4962196e0306474a8191dc8624c1b7ef,,
crd_ca25b4581bec448ca5dc7f742615aea8,,
crd_d41a4c80d657424e855e6e3f06caccb8,,
crd_a4e2a291ea24493f8974e6ba5f2ec64d,,
crd_34cb2d9dcb664dd590e7122735212e37,,
crd_d5ae36cf042240b6b63968ee83fb113e,,
crd_e81b8a65eb1f4006a70ca1cc89adc3b2,,
crd_ca9423d0bba546db977330274d8928ff,,
crd_9bfdd01bee6045f2b694a2b280e834ec,,
crd_4ca99dff350049e6a2a72a72b595d33f,,
crd_c0112540b6764a02a42944c0434d87ae,,
crd_a82fc925002649ae93310c73c8a74a8c,,
crd_ba8bf1ab1f3a454eac2237a820e5da88,,
crd_6cb04ac82f5f43b1a4a7cf2deae221df,,5.69
crd_2dcbea7036c54b9688bba4a478e03294,,11.27
crd_a751124c50e347d68fe2a2b340f01719,,4.07
crd_7ed94ab06dc44f91895dd7b9bf648b97,,10.35
crd_f8ac73538afa418390174732631ffa52,,3.17
crd_23bbbd44361b4dcf9942bd281212a613,,2.88
crd_0f37017fbc274dae8dc0603b6c6a73c3,,
crd_a204f84909b6469c95cf671500547b35,,
crd_e12a06c8188f4b1ba084b7c6b14b466d,,
crd_cddd82bf6ec742418d26e653630792e9,,
crd_3fde5b7a72b24201b728abd6c7f1797a,,
crd_1dace5aa2ed9488e88a16feb02561049,,
crd_1dfcefb9ec294a798aabd2a21300d88d,,
crd_6625bb30bff14209886c5157c85c37a4,,
crd_953f8e5972634de5935794d17a4a3e06,,
crd_31457772bf37423d9723625203754abd,,
crd_8b31286860cf4d2da0374f76bf93e6e7,,
crd_96d515e8823e42ce96c3aab0ad415d01,,
crd_5fbd8a029bf344a6a3e42793c324f12c,,
crd_c961ff4c701b45da8cc477d7a5192b6e,,
crd_ac797e7b8dc043fa8cc160ee82f94713,,
crd_5b8b1ca3bad5482e8fc1592899c58cbf,,
crd_c77d5fd7b519414d848dc5e73124f5ce,,
crd_a7de9bb16f4540ec9e7bb9a870a9b289,,
crd_b6134218a3104ed7b31df482ccb0b0a9,,
crd_6cba76453f834205a7edf1e8222907c7,,
crd_deac8b7b6b514e84a8df865184e81220,,
crd_c2ea432892434d9c9814d4bf6c3791a5,,
crd_775c901d8b4d4fd3884750a11cb7b1be,,
crd_67fb41c26e2a4f10bfe027e81169daaf,,
crd_79ca7c747dcb4e7189ed8bc3a6b14f8b,,
crd_ed0ac9694b3b437aa135b0e758ac3ce1,,
crd_3c803ea6602c49e0869da110c5d31d42,,
crd_37ca8a8c91fa46e8aecbeb9f476e0a3a,,
crd_b8c769ff9e444e0ba52335172a61c4f9,,
crd_6e88d3615bd94a6fbf2dab003d75287f,,
crd_61fa338e64c749f4b236deeade5bf433,,
crd_8f083e7044764c369fd81b4ab60c3054,,
crd_d90411afb17e4ed3b6788da7f15c9c4e,,
crd_6719f7e2898e4621b17ac591412e5b48,,
crd_ac175f73ee3c4cce86c8ffe6d32db73a,0.07,0.35
crd_4730c91483f24305b42abe86b2bb34ee,0.14,0.67
crd_853c5c99d28f4304ba79004c91379057,2.42,9.05
crd_ab2c56210cf647609962b1be64726001,0.1,0.48
crd_2fec41cf370c44e4a11f2024d8375c4c,0.13,1.36
crd_45bf84f2a90e48be812c82d9c9272438,0.06,0.27
crd_1c8429d7ddbe4e4895be3442a801c039,0.04,0.19
crd_88ec6886b1a0481c9ab402049d1649e8,0.07,0.57
crd_0b2c5d800fc14fdfacf098d74ec7ab74,0.15,0.59
crd_9d62c487faa543c78f964ac8ff1a73f6,0.06,0.21
crd_7bea75aa713d410a9be82d9e82ace333,0.06,0.16
crd_5a9c44f3e0884493b853e0a1c8b1fca6,0.14,0.57
crd_e32380ac2e3f4e69b385cad4b3c3df11,0.2,0.85
crd_00dc125290b34527b59cec4901ec94f9,10.06,26.93
crd_ba402a6eed1344f8832f0032b3fed4dc,0.05,0.21
crd_f04fa097a7234ecb95ea7eeea70c9c39,0.27,0.98
crd_2efc304326314401b518565ccfc8f238,0.12,0.28
crd_9eba1ff8237f48d9aa89b725e90e2fb4,0.09,0.22
crd_a324c0fddfab4d7681efcf47adae3c6d,0.19,0.53
crd_003d1c2326544b7493e1641770d22b0a,0.08,0.27
crd_02c9d135c9774d4ca1cd3a70c62cd9f1,0.06,0.22
crd_e7b04611dd234fc7a07b0e48c2811fd2,0.04,0.25
crd_abb29b66e814454ab886f18985102a9d,0.07,0.23
crd_a40dcfcf0f944762a1b3f31d9a322c9a,0.2,0.6
crd_d93d338ebe6c4e2dbbfb72a3059dcbc3,2.67,10.64
crd_fe74bbe0dddc45fc8ecb07ba325f1e69,0.71,0.72
crd_068db63a90ad43afa91b940fbb546575,0.1,0.87
crd_7672e43ea7ac4d9a8a51e463a77b6358,0.08,0.18
crd_a7f5bdc867ac4e5da287d746420e7448,0.08,0.3
crd_5ed0be30062e4fa9a32f4edb4e53c47c,0.05,0.22
crd_1f27fecaf7074061abaaf6684bce4e2f,0.49,3.19
crd_03538324959a406cb3ac98684214d437,0.17,0.63
crd_9d869b2d59da48ad81923dc474ab2bfc,0.17,0.58
crd_341b56d7d2d549f5b2caa285c026278e,0.33,2.24
crd_c64093c102d445409f2386f06e43b3c0,0.6,1.99
crd_fde84e341b0c47929fba2503d3141e45,0.17,1.05
crd_a385d4bd2e5543609f40f170f17a6a55,0.04,0.19
crd_bb645060d48e4242b0003701c6b27400,0.06,0.15
crd_6e6ef50186da41dbb767e450c6ccc20e,0.09,0.24
crd_28f00cdb65fe48deb2f97ff979670b4b,0.09,0.3
crd_ea4fdeec62324b1eac04465ca25a1fbc,2.42,8.38
crd_c35b1525a65d4eb28169ad5d88a0bc27,0.05,0.17
crd_907f9d8972fd47b6903590bd53f1e662,0.08,0.46
crd_cf6f37c499d34d8aaf47e0e3e2eb6523,0.05,0.2
crd_d0b64b7438ce40baa803ae8f13d6981f,0.07,0.75
crd_3c23dd0191ce4f80897a8f50d75bc7bc,3.57,25.57
crd_1a19968d0ca94ea484efbacfb804c206,2.08,8.46
crd_06dda85b506e4a448ce0615f07758bfa,0.22,1
crd_1718e93b703240a8a8be4fd0ab13b4e6,0.21,8.43
crd_ce53812441ff4a67bd0b987da44126c8,0.09,1.65
crd_760a3c258ef143de8f8e85176c0bfd1d,0.24,9.12
crd_6ebf8ca0c6b848e992e9927bf0d93d2b,1.31,19.52
crd_05560bab5aba45cd8cd838e0d3597cce,0.17,0.19
crd_68c2d4e87fa84e0bb650d5e2b9c0737b,0.07,0.19
crd_12146ea4da72415a89be38870433e765,0.39,1.15
crd_a32fde4ae1e84354ae7f20d6953d08f0,0.91,2.87
crd_a3bfa4a999c04a9ea29d4877f877474e,0.07,0.31
crd_526769983dde47589d6ddf5cd4e74caa,0.14,0.64
crd_073ed613c952404b9bb513fb78ea17f5,0.07,0.36
crd_b687a800e99b4465a744086c0eb9c93f,0.43,2.14
crd_73984c4885124477b3a6a48fbe5cb2ac,0.07,0.32
crd_15c2ebf5713c436eaf0478e2b7f8547c,0.24,0.51
crd_3ef790bdb3a2494783a80d778429c034,0.06,0.2
crd_d4eaff075b2b41659976e71933d2c3e4,0.06,0.17
crd_baa89f6923b94ff6a59e1957814a2645,0.07,0.26
crd_2f8f2276cb254195b2abf5cffd2b8193,0.06,0.18
crd_0d0630d4e335471e9a11643b9b82ffcd,0.17,0.53
crd_c48a5579b74d4299b4bc48db0776cd36,0.47,1.61
crd_fd6fc618265f462787b1a9bc6c988b54,0.06,0.2
crd_c7a3740622334580a1f011a55e286bc8,4.11,12.37
crd_1379d064484a4269bc01c74fd935c221,0.19,0.35
crd_db68b32c197d4f808a46afc957338877,4.17,12.46
crd_b577553c749f4093b477e1ade7e52a2b,0.17,0.56
crd_6ba7d8ee8a894df9a67bc08fa0ad9b35,0.1,0.34
crd_7212b4d89eff4f039568f65cc8fd9855,0.4,1.09
crd_8f7af60c55b644ffbd49a856e3187bc8,0.17,0.6
crd_c189dd421b024c29b83e86aea8bbc347,0.13,0.49
crd_7388269750db42eebdd7fbe6cbcfe30b,0.05,0.21
crd_d544feae1c8b4accae8e8f3d185380c4,0.16,0.63
crd_3b397fb706a24feab4001ec2becf901a,0.08,0.18
crd_e6055fbcee8a4a03a980c5e2e3a2cff9,0.08,0.28
crd_ce8e3338542f433193eaf3a3737ba1c4,0.36,0.99
crd_4cb55532004549e59945436fd57a62b7,0.06,0.14
crd_dd74aaf06b6e48c59d8b8e4aea1dcad4,0.15,0.39
crd_436427be3a944c3983c61f6038ef6ea6,0.24,1.77
crd_756eca11fdec48c2bc3b4f427b151b6e,0.09,0.28
crd_995ce4bea35048d3b53f224ba4fc7664,0.06,0.17
crd_6a9fdf228b704ed9babf570ea82fcdcb,0.22,1.02
crd_f5e766865cfb44288cd71675cda91f7f,2.95,11.71
crd_2f01947ccb4d4bae8b2cda6308a77323,0.06,0.19
crd_9dcde646049c4c889034da24e175f7f8,0.05,0.17
crd_b7cb9265f8b84f77afabe12e61219153,0.07,0.17
crd_6cdb5c7da33a4158b6646d784ec0f2d5,0.31,1.38
crd_5403ff921bce4bbc90468b0f860dc23c,0.07,0.34
crd_703facdf13c34886a976ad5a31f955ff,0.05,0.16
crd_5438ceaeaafb4d50a66613cc5df1ac84,0.32,2.47
crd_af02f016a89c4174baa02ff8a5355f4e,0.12,0.32
crd_1391eb60b4054ac9a02e6b1f0e150c0f,0.1,0.77
crd_5fb3a3421c9c4fd9a83a6d235b268b2d,0.03,0.19
crd_3255845b67e447e9821ea5cee4848f57,0.28,0.61
crd_50bb3e4e83fa4e7d9e603a15bc296c3e,0.11,0.32
crd_99154bf3bafd47f6ae3736da4cd5424f,0.16,0.45
crd_8f2b1625f47a4b4ea1d5f90b61985827,0.06,0.17
crd_5531bbdbce6c4d0b86a40ea6fecac853,0.05,0.17
crd_1d57accf2ede4947b8cfd1a71c7b85c6,0.08,0.3
crd_9599f783023446468e24ada470972aa4,1.27,4.87
crd_5898c1f57f914c70880a9a3fee5a4962,0.06,0.21
crd_0883cd88c2404f829929be8755b3d865,0.08,0.19
crd_834655aa7bc54dd0b1bdf69ce343359d,0.16,0.47
crd_31618f4403c2423683f1b82f04a2959e,0.89,4.5
crd_5c953b299f3b4de08ff77ddd3b041270,0.06,0.17
crd_78adb82131a54205b5ba3cef451bee00,0.15,0.51
crd_bce37cc08d944fb99b90fa9f6fcda16d,0.2,0.88
crd_a79cd84bf7444d0f847f6ceb36c93f24,0.16,0.52
crd_08ee7216354243869129fd8d6491168e,0.06,0.16
crd_0bac00816e484c9897881390d90a614f,0.21,1.03
crd_ddd89c441cdd4795907313f38e85c1e7,0.05,0.2
crd_6b414f08443c4f009d32f627f1d46256,0.19,0.4
crd_b933d7086ba94eeaacdcd18f872402c4,0.29,1.28
crd_137c6f751cfa4c56a1fb8443e611b0f4,0.27,0.8
crd_35af0ddde9834b5e8b37b9ba98126c71,0.17,0.54
crd_2aef4896a5194dd69fccf9581d20e735,0.07,0.16
crd_5b613c1368aa4c94a43c012f9a73394e,0.23,0.54
crd_13f1e523e8454e648cda03bba3603643,0.1,0.23
crd_02f5f28e11b84721906692f042d0baee,4.98,23.01
crd_d61c5630a6b649589ac1fd4a8bcb1014,0.8,1.71
crd_a3aef995690e4b4995241341af5f31e3,0.06,0.19
crd_afce8f318b6d4d68a9ff9ccb5a616655,0.16,0.45
crd_2d25ebdcc8874b25b749753468ba5956,0.07,0.24
crd_5fede8ed6d6845b7be83496ccb0fb2f8,0.55,3.21
crd_07082198195e40d6b940142d1383c881,0.08,0.27
crd_b62b44f1e2144c1e9ebec3da471579c3,0.04,0.15
crd_db2f742945da407b952d5bc900e43f18,0.06,0.26
crd_c6aa9e3981f6416d9cdd69d6fa76651c,0.19,0.71
crd_d6f21fdca571497883e46666abc022bc,0.05,0.2
crd_24945449688b42f699bff7a47b3f282b,0.06,0.24
crd_297bfc741b2c4c01b430258d55aef604,4.66,10.73
crd_ebdef6b29bb74afaa3e5efea83fe89c7,0.18,0.74
crd_e820659ebe3f4a2fa154ffae96da8bde,0.05,0.21
crd_c26b377f986245bd8f63360bcf26d5be,0.05,0.16
crd_f3402d0395ee4f5c8fe1c1f897f6e06e,0.13,0.45
crd_d98a2d4cddac4630b7e3364443381093,2.27,8.22
crd_6ae3b063360244f19a8aa03334b16078,0.05,0.31
crd_3459a012234b4a23b83deebefa450d7b,0.05,0.19
crd_1676a1863764440991d68270eaf35bcd,0.08,0.3
crd_302ea1ce0fe94e5c97360498d05eee9d,0.06,0.19
crd_f3d2d4123acd473da89b7358ae6dc5e4,0.21,0.27
crd_11164a4fe7894e46882f5490ebd875cc,0.39,1.39
crd_e0ddeb51820a4e46840686240e076a57,1.75,18.59
crd_648eda5b1ace49e1abf842cce776399d,0.05,0.18
crd_01848d5183c64bdbbc3d2bfbdf2f1aa8,0.08,0.25
crd_9408beff78404a25a70496ffe22a7bf4,0.07,0.67
crd_f70bca6387dd4f34a80c7a0ac8bc102e,0.15,0.48
crd_e9c693252fcc405988a7aab7ec8d7a19,0.18,0.44
crd_1e4c0158e3ac4e989d2886cf87564dd5,0.24,0.8
crd_c60b5558ee6c404f8cdf7955d1087b10,0.04,0.19
crd_06f238177bee499eab1cf34e60e55725,0.25,0.54
crd_3d0ac2e2f0bb4f7bbb4831522a6cbd8b,0.05,0.16
crd_79a0419883024bdbb3b8127318829daa,1.58,5.4
crd_780972e5c4f84315bcd27496ef5184a3,0.04,0.16
crd_c4dbd53e73ce43b4aa66cbc1fd93885f,0.19,0.89
crd_2a71e5ea621f41ce9028d6551c153764,0.21,0.52
crd_5013266a9fe04d7b9685bddef9c6f6e8,0.06,0.28
crd_93883c73ea3d4c269ed099da7f77414b,0.04,0.21
crd_e295d49c71554b108a26b197046ca47c,0.07,0.19
crd_8944266c591440ad9bcb0a6723cf0645,0.08,0.37
crd_45bfb8a9f002440191e7bfd8b993fd22,0.04,0.16
crd_3c5cc621f8c2419aa3e82f1189fb74b0,0.51,4.56
crd_60f1bf0ac9ac46ca92e290a11ac334e5,0.22,4.11
crd_ac6b41f1d4314cd48a6c0e40b01203fd,0.07,0.27
crd_eb28d5bab74d4784a6a59b2c5cfae6bc,0.06,0.2
crd_966bd91d331f46b3af9f199a2e03515d,0.22,0.81
crd_7ffeed1a4c364378ab7814dda3b99b73,36.31,59.44
crd_694283d53b724c6aae880fe453cef8c9,0.05,0.54
crd_2f24650e05da4e108e8988b03fb64a01,0.29,1.4
crd_be028c8d6e9144f4ac4f03b17462db1c,0.06,0.27
crd_ac32bfe50af84f459d9cc9d4c0d659ef,2.1,4.75
crd_0e5d59110fee4c7e922e2ec67f5fe1a6,0.06,0.21
crd_8161f9ba546e46c2850f4f97f5b623eb,0.05,0.29
crd_3efeba396af644afb4fbef6c35b58521,0.28,0.85
crd_025c5e1c614940ee94c0d2e1d96ebbf1,0.41,1.44
crd_9d7dbe554e37401d8507e1b3b69c69bd,0.07,0.21
crd_89090f037609469eaa214e72bc12d218,0.26,1.38
crd_c9089f2ab85a42349c84cd3bc0bd3f2c,0.1,0.3
crd_452868f6888045018e50e2b4e41e0f7b,0.11,0.52
crd_40708d21822d4d2cb668603a1dda664f,0.09,4.63
crd_71250fc9f98742369de2116914b4109f,0.08,0.33
crd_e3b8971a2d4140a79429277295edc4eb,0.1,0.31
crd_f032f51e8af64d8db27c87e1f6db56a7,1.2,7.52
crd_4baaef6e190c46e4b03966728f10034a,0.06,0.25
crd_449f87a8929343be814ba9a5556c0b2d,0.03,0.19
crd_e2f72bebe6594283a1d71d93ba4e72bc,0.19,0.51
crd_cd7996cdfb3146438a6c0564f5a5fb3b,0.23,0.59
crd_98f78d167b2e41d58e796d0124e5f9bf,0.11,0.51
crd_9cc22e72ff234c27acb37f7d0e1f4441,0.14,0.44
crd_5879c143b9484d898408440f80e8531e,0.23,0.27
crd_ea7ccd56a6474fd897146c5e15f30fa3,0.04,0.21
crd_7f7875c57b0f49d9a0ca569ec1037777,0.05,0.19
crd_ce1ec049b9994d6fae071a0f74886cb3,0.82,3.76
crd_5516a5f756734f2c89d1ef63e8c9964d,0.1,0.27
crd_c51eb90cb4f54e9dac6596ea653c956d,6.15,13.44
crd_a776fb952998401394dcee6936d85b56,0.04,0.24
crd_a529727601b84e9ca6f8b5052d1d2572,0.08,0.31
crd_c3f4b42a04de464a8f93814fd4e1884b,0.25,0.78
crd_4cf391db31ba468f948bad5a20b0bc16,,276.15
crd_e97e4b9894fe4c9798b0d925092d3eea,,105.67
crd_19431b87131547d98fef8a693077a77e,,55.47
crd_26dd3cd037974467a3c4078d58f4ae25,,52.58
crd_67714955a33e4508913f44b8ccb08e5c,,42.98
crd_458325805fc445799aabfe4c4046f89b,,76.12
crd_e08d7a85c4e84f1e83a7521ff9c15a89,,71.04
crd_9c3f1e9961584a3ca4c8c32241d25d0b,,62.06
crd_3f0711ce8e06486a8bde68218e75d360,,127.01
crd_f9edf9a591974716b2d7f02764f93737,,56.09
crd_42ef053d7aab445fa7b0a2bf2e028864,,66.39
crd_8b02499c992945e2990cb669d7468256,,45.03
crd_7202d58f49f84525b3a9364c319772f3,0.16,0.47
crd_7cfdb563e48a4998ae06726dd5feda7d,0.07,0.23
crd_e9dd2025da3b4ef7adf3f2b9cd67f421,7.53,15.26
crd_db3ade6d337c4c72aad63938a16e7692,0.02,0.14
crd_85a886f78a71416aa253879cbe81d8dd,0.03,0.16
crd_d3dd900e88304c778c319c8facd2c8f2,0.04,0.19
crd_461c6287b34c4be19933bac34f7c7d78,0.03,0.14
crd_907793ab7fb44dd38c58f0dc1172a7d6,0.05,0.2
crd_48fb46a8fbdd4615a2c9ab99f304a0f2,0.04,0.17
crd_e300981771704026815250b876ae28be,0.04,0.16
crd_12426744b21049a39b01acf3d93e4311,0.04,0.19
crd_894f1b97871342e29b414e927dcd1140,0.09,0.45
crd_1ebd5b431d3c46b882e3c95712a9502a,0.31,0.42
crd_7c261f64006d414180bf53ea7ae2f467,1.42,4.14
crd_9b72fe4e823b447fbdd927b3dae1342a,0.19,0.72
crd_8ae92c4a53ef47acb4aefde6341cba60,4.99,13.47
crd_3a3a926925af4b4ca1cd8567c7a300ae,0.08,0.23
crd_da584233ea5149dd814bd6b372e015d5,0.24,0.94
crd_412dcf4edf204b919385a120e64b4b50,0.22,1.2
crd_d46b1371e56d486786fb471a1c043d3a,0.1,0.46
crd_4bb6eeb124574cc6ac3695e255598cfb,0.26,0.87
crd_0140dc8d8b8444878839e0c94f358497,0.05,0.27
crd_a35ce7543f7e4af49eb325083776e061,0.08,0.6
crd_edb33beb5360472080df4b6d2a6878a2,0.05,0.11
crd_43b3128f2b504d7b9364db3803511c13,0.06,0.27
crd_10b23643a0b146bcb95389cfb37c6133,0.03,0.12
crd_0eaf4bdb418a4e63a69851152b8bb057,0.28,0.82
crd_1fafea8238334475ae8ed9ece3728309,0.29,0.97
crd_d544feda22c44e0e9fccb9936fb20202,0.07,0.32
crd_af887c9fbbbf4e12bf91a9d221681e71,0.04,0.18
crd_a3736e115d014a5e85d5913b9d100f9e,0.58,2.03
crd_a849716500754889824d4a9aeb2c6b84,0.07,0.31
crd_f27b7d5ae80b49c4a1a6019138a14ace,0.19,0.5
crd_210e4fd42fff4273b7ed916683431def,0.3,0.8
crd_d3bfcff390e54c9bbd1027b57320d621,0.26,0.92
crd_fdc463d617dd4b938a2991c4f1e1f542,0.04,0.2
crd_5004569c2e0246e8bc9014bc00c21cd1,0.1,0.83
crd_830fee590a4e49c1a54622779b4380c3,0.04,0.14
crd_fc8acdf39f114f398bca3f962a072274,0.04,0.18
crd_c1cb807b384241ea876b8b2d52b1bc46,0.07,0.46
crd_314343a109e74d31bb84143aeb72d25f,0.03,0.17
crd_a9888f3a8e1845588922ff69068e6f78,0.05,0.23
crd_3cc55696a89340ceb63f0ad739644c17,0.05,0.11
crd_68ff503b4be94f6cbf93a9b0cd097c80,0.77,3
crd_5c628b6eefe64685a02ea0bd3bef7a44,0.12,0.35
crd_2254457f8600435abc8520521283f8ff,0.19,0.94
crd_14a6c9cb57b54a889bad8a3e1f62e8ba,0.04,0.43
crd_db64e740e8ef4c22b87c89fa48093cee,6.19,7.57
crd_e0a935e3f8394d2b881f48d3c9c46b05,1.13,5.36
crd_bb8f3a2d154346dc8e21ef6fea46a1f0,0.11,0.38
crd_ec332a15608840ad942e800aa7b17294,0.09,0.28
crd_5dc832dce6f943ddbb2bcdce8893ae61,0.05,0.2
crd_5a958c7371a3467fbb486adb3bd370ce,0.31,1.09
crd_9fce790e0b1c4e0788899b6eb0d6aad0,0.06,0.2
crd_1f76ed2f61db4a9cb5a5647c43e1ebfc,0.19,0.73
crd_63be1159dcec47dba6234bf124f86c75,0.05,0.21
crd_19a1d88c22204acf9412f49437e0eb00,0.05,0.27
crd_7fd5d0e0a462464dbc04f11a37718f4a,1.04,2.76
crd_9444cd2552124a658a0c276513934a4f,0.04,0.13
crd_78be93b7d9664f388cebf0499a2e6dd8,0.1,0.46
crd_74fab45eaa32470b9ca3c830ab920f93,0.12,0.56
crd_f199d7305e4a4b0a81d20610d4761aa9,0.15,0.72
crd_6efcf80c6ccc458e9892bacc332c32d7,0.06,0.28
crd_0aa70773df3a4f87ab5b96825787497d,0.07,0.18
crd_721b1a5a766441a382bd8975b7b7a7ea,0.13,0.33
crd_6506bc6d995f48a6b643477a796faba1,0.24,1.73
crd_aaae8eab8f604635883282a61d3376ff,0.25,0.86
crd_cbca0a75a1f9430baae6cf1528a421c4,0.26,4.31
crd_e563c6bf2df446f5b77fbf41d3d3b30a,0.19,0.94
crd_e736ff0f31bb455992c5ba93c4875444,0.06,0.29
crd_715fd7db81234ccc970f710f0c4d469e,0.08,0.29
crd_e069dd79b4104043aab51cde64808d82,0.03,0.14
crd_4b2b91b67cde4db99f61c51b388a338f,0.02,0.2
crd_83352cb5f0a94843857df13731c502be,0.03,0.17
crd_b72fb20c7b664b749e55de43aae47b3c,0.04,0.16
crd_c6e74eb559f2406fbea088388759a259,0.04,0.17
crd_5d3eec99c8a746a5b8b774fb50cc5180,0.08,0.19
crd_f67695810a434de2af182783cbd167e9,0.03,0.16
crd_a7aa78d2d3044e7ea94529cb078fced2,0.17,0.51
crd_9a47b5d5d819442882b5319fab5ed77a,1.93,7.12
crd_f291329542f04339988b4051333a446e,0.05,0.28
crd_6ecf18a6435e46238220c23606eb7768,0.2,0.49
crd_ab1aec84c58d45afb0773657b0990323,0.24,0.55
crd_7e4aa6ffcba9401b916220a6f79c355c,15.73,19.75
crd_e572046b12da49769e2e492828d61636,4.08,14.97
crd_ecb9566eb3fb4a9f9765dac205bf1b2d,0.09,0.72
crd_2f8df927b41b4664aa7f6b810df6da4a,0.04,0.13
crd_c87a5472942748c6af5d609bb93d63c1,0.13,0.55
crd_209d406df9574154ad94b0b7c78d635f,0.09,0.78
crd_12fad68b6919451cb7165478fec5aee7,0.09,0.55
crd_a4bc1bcb3ca54062af8854d9ee7a920f,0.13,0.39
crd_df75fce740274e7092a368c0dfa0b417,0.46,2.46
crd_a6340b8d58a14de28c95f912df744b3e,0.18,0.48
crd_b467180bb50b4da59a6b99725ad7fa84,0.06,0.21
crd_4fc312f6a56240dba9cb3c6fc6efecde,0.03,0.11
crd_c16e96de6fd24d58969aa7429dcbbdcc,0.2,1.97
crd_d5e31be3b67a41c0a0f6ce871e8c69c4,0.27,0.74
crd_e37301dbd08d47fcbd95accf72aa2a3c,0.31,1.05
crd_20513d1b0b8947e7b18e967292e9fb23,0.05,0.14
crd_693273eeac4846a39a3539fc6ded617d,0.14,0.86
crd_846446f8cb0941d293de679be94fac73,0.39,0.89
crd_85d29b6399cc45b696b6f1e9abe19910,0.08,0.25
crd_47393fa4b8714ffbb182701c995d4998,0.06,0.27
crd_f41934191f364d68bc66e64860cc0c92,0.18,0.53
crd_a583e1fe8f2144a7bbc320e966734055,0.45,1.26
crd_c53a525669114b578666906f5adff421,0.07,0.31
crd_735ff8a1a313478cacec3260dd388dfa,1.52,4
crd_ba5b6348c7074d0cb21ecde50a1e6651,0.02,0.11
crd_0e2b19d48e8447f19582feef97a52725,0.07,0.3
crd_0af4496693f64685885b27455c69e385,0.02,0.1
crd_bfe946722b9545b996eac2d8d5e13dfd,0.06,0.17
crd_bc7acdf1831f4c71bbab9e1c2c16f0ff,0.06,0.17
crd_833361002e2a4571b9d12ba392560b16,0.04,0.15
crd_4a0125f47df34b3c9f0f097e0cc68c84,0.05,0.19
crd_9c1f10eec0c84bd8bae7c5403a6221a7,0.12,0.35
crd_3c2769ada879468487b74479a921bc27,0.16,0.67
crd_b486db00d41f4888984650e72cc36b00,0.09,0.55
crd_04d93f974e354add83a5c60fbcc342d1,5.75,10.39
crd_63f4432a95d84d9dab23728cf715f31f,0.24,0.95
crd_6351c1cb10e841e09ce43d107309796b,0.03,0.11
crd_51db72cea0fc47c7a261bea9f511d4eb,0.05,0.31
crd_79bc467a7ad540e4b2012a26e7a247df,0.05,0.14
crd_e49684f046464f2fac248bd11ba54f5d,0.23,0.46
crd_a24dcdebfc7246d4be1faad573e0a23e,0.2,0.91
crd_655a6cb32b86442e8bfc1538371dcded,0.06,0.15
crd_534dcd9a655747bfbcb0c52c605e9220,0.04,0.27
crd_8f78f01a16b947d8808ca0d350cb5c31,0.03,0.17
crd_07fed6332fd14403b062bc4f1aed3e63,0.04,0.16
crd_0f1a48118a4d4952864c66eec69808cf,0.16,0.45
crd_00e4569178e847649514f979474839fe,0.04,0.24
crd_534a9b86f32b472ab15ec30d254d76e3,0.23,0.52
crd_96709c5ceb00448ab2b8e4b039319183,0.04,0.2
crd_22989be17783417ea635d11b83b71252,0.14,0.6
crd_414acca972834b90bd464855d69b79cf,0.09,0.72
crd_38b31e4f9b2043259a5d8909cb58b8d3,0.66,3.6
crd_2c1dd652a2ff4655a1e26419afe50b4e,0.08,0.31
crd_824fecbd011140ecaba3b8c8d7c4740a,0.07,0.17
crd_ee79f31b26a94960a66ea9e5defa5a0c,0.05,0.1
crd_bc6df0ab3743447f9498d36c8f51fe73,0.05,0.15
crd_d71041d05a2249a6a4785367a7236274,0.2,1.11
crd_16dd3d0f11fb4a96a4aa7d7f69468a23,0.05,0.15
crd_0a76a477c4d142439e5005d76bc01da2,0.03,0.13
crd_761315af205f480fae3ecf8c5018db46,0.12,0.52
crd_cf5e4f99f9c44d91b44ba607d640173b,0.25,0.75
crd_f13c7ff8caa0471c9cea95ac9d2177c2,0.26,1.23
crd_11d9c25e05f64856ba6814a42133a734,0.66,1.18
crd_dd74a7225ba143989196a76089b46fdc,0.26,1.41
crd_65f44d7a61bc416ebc68806cea7f39e2,0.18,0.49
crd_b66ac79061b848eba1c927989cc2fd37,0.5,3.3
crd_c82e5a2740d24cf68ca04688f54a0b50,6.04,10.41
crd_bf86b60333c941008da0bf213d54829b,0.04,0.21
crd_a5dbf42b10974a1d96749b32de706c58,0.04,0.15
crd_b73a800e9b434141b154bd521d55d14c,0.07,0.19
crd_7217d3c0bad44bd3b8f186720cfb4838,0.09,0.41
crd_d82ace7e03d34ca587519f2c089dc515,0.09,0.49
crd_6746b8da59f742ad83ff79efdcbe35a7,0.05,0.13
crd_bef15d42bda94a50a0fea05384b4cd72,0.78,5.48
crd_d5087e3422e74e3585a2a323b4a06ee7,0.24,0.93
crd_0a8dca5feb454968a2d13e5917127c45,2.02,6.82
crd_69128022cf3e4ff7bdd615ab371405a7,0.11,2.08
crd_87ecd33b2aa441168c1ff68b4e5e8700,0.16,0.47
crd_127dc81d93624162b4eee478a2f33f5a,0.05,0.19
crd_46aa903866b2477f8601a1cb5a8f56b9,0.17,1.67
crd_22015e39f7a8462688822b423e11f891,0.07,0.26
crd_1aea26c4e3a24196a40c9c10de33fc82,0.07,0.18
crd_6e39ed3b74964c12a79afd63898cf58a,0.21,0.49
crd_b17b7e285ce043a2bc97e5953a39c574,0.06,0.28
crd_c28dceb08757469c965d2620ac1841d8,0.07,0.2
crd_5b27a13096a24ba4af338df7a19a358f,0.25,0.35
crd_cc13be0e046742f4ae3e0aaffb5d3f9e,0.08,0.32
crd_ce83f9ff395c46bebaee07439d10b43a,0.12,0.27
crd_1ba7f7638b4a47d29957c8eef13099b8,0.84,4.6
crd_1b36e531978a4a9eae7c7acd0d4436b8,0.06,0.16
crd_74b0d91817074173a048a42d0835275d,0.04,0.18
crd_905b7c293d554cbebda90ca9782af3bf,0.02,0.16
crd_3fcdfc49c12743bea7e8f632ba06c41b,0.15,0.6
crd_4de6cdcaa4d946e5bf5f63d07f8d1b8b,0.09,0.31
crd_bb7c0120d4b14622b11e2a06f9352a3c,0.04,0.2
crd_3c5807144992461aa42226464a5cd693,0.06,0.27
crd_ea122d22ac8a430389070f2f090c05e0,0.06,0.15
crd_8711108b2bca45a18bcabd2f982d0457,0.06,0.23
crd_7bc86960d8004c408340e121f634035b,0.17,0.48
crd_8d0e59a2afe64a538efd96c2270336ca,0.4,1.4
crd_6349578aae2742c6901e3129e8da6925,0.11,0.42
crd_a1439f505f594dcfb80bb8aa6d495e20,0.15,0.31
crd_9ec070844bb24ee997efeb9e7bf9dac2,0.35,0.88
crd_77a41111eb054ad3acd73de5f7f800e7,0.16,0.36
crd_ede0bedf6d774a6db32444997ed3dccf,0.09,0.34
crd_f2e3f60f19eb409eaccc1a8dc10f8ebd,0.1,0.33
crd_93993a91205c4c6bb310fd17b0417b7f,0.05,0.26
crd_fa38166d51fb479a962761c3c17a670d,0.07,0.35
crd_6b0937a994d6436ca4ffaf3e6304534b,0.09,0.79
crd_663b3bcaa1df4b48ad139248ef5a5208,4.46,14.77
crd_3732899cb17442438f292dbb093958eb,1.31,4.55
crd_d82108b67c434df495ba7ce11b811e79,0.74,8.05
crd_3a34c665afa94105b0b19383925dd830,0.17,0.44
crd_f4219fc0ab3a47ed9fc0b3f5f705f597,0.06,0.23
crd_2eae8238f1d54959a3bc9f1e875c1efe,0.02,0.16
crd_301228de8de94aa382a1cface63a3422,0.06,0.26
crd_c54910dbfc304bb5b4e71639858ceb82,0.03,0.12
crd_170330e953034b0b84419cfff824f737,0.2,0.31
crd_6cda288d106d4d46837a3c11690dce63,0.04,0.22
crd_e66afeb046bd444e87889ec1866cc643,0.12,0.57
crd_30df26498319433588a4ee13b1397ea1,0.29,3.66
crd_74f050d47ef34391ba29b8c521450dac,,132.85
crd_6d0b490fddd34aab828b26cb90a827d6,,68.76
crd_d7a644695e604c958aee5d0ba8fa8415,,39.36
crd_cb38cec5fa8e49139bb0377111d6d048,,67.39
crd_19b1f802f23a4673aac60e04df0fb2ba,,71.91
crd_ae57eb31413644379c43ec4208a4023b,,85.74
crd_8dbe711cfb4541309eb32cf37fe48997,,128.64
crd_e382f2cee40343d7ae3faed897045a66,,101.19
crd_f799b47b4b894912a8d83942d0fa4d22,,95.95
crd_306fb0ac65b44f289a2cbacac51ba9fe,,83.75
crd_d08869cde8294b0b9f73d0f7192e2335,,116.98
crd_4690391667a14f42a7df8ef76771703d,,37.38
crd_ca78ff510359490a862b871b577a5fec,,280.74
crd_9c2a04a39aee4b989bf2b1f18bf923ba,,48.59
crd_ae4635bbf7ef4b4fb6a30c61f633fa0d,,47.38
crd_222e3894d8c04d2899b047a97912b5c6,,101.65
crd_ad336bbf94b74813aa25312a57af4525,,71.19
crd_c88d044f605440a29cbf41b7cdc7d340,,34.81
crd_cbd6fc9596f14329af2f0c237a7be6a2,,1.02
crd_d9f3b86af85f48579ed9d0d7ce0de129,0.09,0.5
crd_be92bba983424f2f9546f237e65ce357,2.62,15.48
crd_5a280549e94f43c09ef0bcdf8ce4fa31,0.08,0.34
crd_9bd583ab207a4366a12f37ab94ed8619,0.1,0.37
crd_ab901cb3afed4b95b0bbca4350b0d4d7,0.32,0.54
crd_4c9f441611314185a25b1fca893f6643,0.14,2.12
crd_7b875417a470447eb4d998d9b634580b,0.06,0.38
crd_5a1091c1a03c43d4854b66426d49aa10,0.04,0.28
crd_0ccbea0b8fd54779939f56e1fcc3769a,2.01,8.11
crd_1d41bcb819ef4f12b40b5aab332e0c4c,0.34,0.87
crd_dbc44ab9437a44568efdf23b37f3f278,0.05,0.37
crd_682afbbf65fa43ec8d17d382183a81e0,0.07,0.61
crd_e40a35d966914476b267935d79337667,0.05,0.26
crd_6c18714222c749b8b16800630a5d26cf,0.22,0.32
crd_ef759d382c954423b841d6cbac94dfbc,0.05,0.21
crd_f1e67c29942c408daaa683520972e1ea,0.08,0.35
crd_389a5296a2114c10a16be57f0677429f,0.05,0.25
crd_63a9a93217614c00a186fe10b8791073,43.79,65.42
crd_acaae5dbf3c341b8ad35851ac755cfd6,0.05,0.22
crd_a3bd1e1b8b3a4ca094cefbc1d7bf4d60,0.26,1.27
crd_78e5de38150f48c5b9813c08cc534dfb,5,27.47
crd_a46be9bd3971477695ee84d0f25ff88d,0.08,0.5
crd_c32945ecfd3d44859d3af3841977a737,1.15,6.05
crd_a7a780b01376481388b871a1b533de08,0.07,0.2
crd_49437643a6454368a630d12ba20c146f,0.15,0.88
crd_3a593c8dd2fe4552a4874f7346527387,0.05,0.17
crd_2894c74113e7436abf095fe35dde6ea8,0.06,0.42
crd_ce4f357a6aa24302ba5553eefea4930a,0.05,0.18
crd_4d9c8fd7ab2241d9893ca3ad6a31daed,0.45,2.46
crd_df53bbf046f542d19202f4e11bbe9d5b,0.16,1.6
crd_c91b8810b881450faa5942daf03e03ef,0.17,1.79
crd_4ab0c55e07324d30903f51b7bbd41c8d,0.04,0.21
crd_8d54bb18a7514ab19536ac9afe747002,0.51,3.85
crd_a2c18604455b4a4c8d4868ad36370d3d,0.25,1.07
crd_6e2cd50802964cfdb903d16ef856caae,0.15,0.38
crd_f2b9a7e014e64eca88d8c9c7eee07019,0.08,0.25
crd_a23c8618b0aa41f9b41b9f0603495380,0.17,0.92
crd_17c7228380dd4d8e8b5e2cce3058d9d3,0.06,0.2
crd_7c6dbcfcfb90484c9e7d5f28cee46687,0.17,0.82
crd_643a385f109c4e50a6462b86c64b98b2,0.07,0.22
crd_cd96e3f148dd46de80ac08abe51a48e4,0.15,1.13
crd_04bca46a8e2d4e9ba0fbdbfc6c99e51e,11.96,51.61
crd_e5912655e48f42a9ab863ac2337171cc,0.13,0.92
crd_10bcf02ebeea4a3c8aac36e976120e99,0.23,1.24
crd_695cab1b70c24a0289cc2d3c2316dfed,0.05,0.21
crd_3725a62bd3aa40a086ad041a84a910d3,0.05,0.22
crd_95ecf1d59f004e4399a2c61e280dfd13,0.09,0.38
crd_ed5b22e519844e948a57784cdc4d5a48,3.85,8.05
crd_ff8bf99d2bd84183bcc4b5d7a18360f0,0.13,0.8
crd_de3c296136f24c1a8bada1580861504c,0.17,0.94
crd_fa380ef9482e4e808e11365588c7178e,0.78,0.65
crd_2ceed4bdc2b3437c82a41d83d9fe8aee,0.07,1.36
crd_52d47bf453634824858ebdd26f42d5f6,0.14,1.19
crd_3939d10a183b4eb48b843a68c74ed87b,0.07,0.38
crd_33319f66def14264811a95e658040bb9,0.06,0.27
crd_03be711c05fe4b8ebd081c3578f37444,0.27,1.17
crd_0ab2ecd7d121461e8053278706d889d5,0.03,0.16
crd_3ac122b5a08e42ac986aa536da6c1000,0.08,0.26
crd_2700ee961f214ad48e6284b2a8e864dc,1.32,14.45
crd_fd1e38170964420294911187ef450c55,0.07,0.19
crd_48d5eae218d14c72a3b0485e369b2d06,0.25,0.98
crd_6e2faccbf9a240219279b1c4acff7bd5,0.47,2.79
crd_7ea36567dec64789a714995b1f459a47,0.06,0.21
crd_f9097c53f99d488aa8685b73ea5a9373,0.41,5.26
crd_2edd696f67314cde96ae6ff8f6661033,0.1,0.48
crd_75b7a6e439114050b3e283955b439058,0.24,0.75
crd_9548bea5e69544d5b3e488e97d33065c,0.1,0.53
crd_5e059b9ed96e4fb68bb54b1086394797,0.24,0.87
crd_cae2a3157f7a42d782a2c3cefae01615,0.04,0.26
crd_cd3d8417b8544063ae6a41766d24b130,1.35,12.16
crd_e49c0deba37f453f8f27da810c8bfe39,0.18,0.67
crd_a3a886b05f4149c695ffbd5e5b9a049f,0.15,0.2
crd_fb2dc6f12f584032a54f9925f060e059,0.04,0.22
crd_c0742f7731e04b749870bceb5c6b133b,0.6,1.55
crd_e910a64a2c12444e9eb34bab151b0428,0.35,1.52
crd_976b70e13c194a6f8b955d7ea5307bbc,0.22,1.13
crd_64d94b7ad8e84bac909438767e1e63af,0.07,0.24
crd_c0ca53eaf2d849e7b533d0628ea7585c,0.26,1.39
crd_449f6f94972b4bce9a87460460204cd8,0.04,0.18
crd_fb67b53a2df44bff96ca7fff2d607437,0.11,0.65
crd_1dd05220d5994e3181153d33340718fc,0.07,0.34
crd_ab006041fefc4aba8f3142821fded198,1.78,11.85
crd_a1887fe9f3f74f7183a0a9bc44f57582,0.08,0.27
crd_6e0fa538c4894981b9e014b0ef5efd97,0.33,1.32
crd_1acda7d08eb443e9bd36798a1fd7741a,0.21,1.02
crd_6f4d7a28b34b4520a7456a89f3d72a15,0.06,0.42
crd_769e68c4d309489fa1a27c2d237a7b2e,0.04,0.19
crd_1fc96a36c5a94f05a295d7d565ece2b8,0.29,1.82
crd_03cc8c548715482fb5d2d3d894767dbd,0.08,0.27
crd_b9b75a9f9ec8475b836925a711e88d8d,0.38,1.35
crd_91d042c887b54b7098c9044a36816008,0.06,0.2
crd_ce61d71725be41b7a5a766b690f56a1b,0.13,0.38
crd_314a692823404f41b6c94ef90a3fc5e8,0.1,0.32
crd_c6e59761b01b488b9a46b1dbfb30707e,0.26,1.15
crd_ae6da5a02eb8403e9dd4df5ff4dac55b,0.12,1.56
crd_c2b11d41ddb1477a8f7293afb674c765,0.05,0.22
crd_cc2d13ea26124968b44151ab66a7a343,0.11,0.63
crd_cf7aaffeb44d43fdb372b21fec59ff3b,0.16,2.23
crd_7c0b98be9394466198db3610a9b64953,0.08,0.25
crd_85e0edbb8cbd458fa3957029a8bb5697,0.07,0.23
crd_b30843c0d5e845ee88fc040b5c5e727b,0.1,0.33
crd_a86ebded73ba41e2ab58fcebfd30eeb0,0.03,0.19
crd_e080b948d1bd4c87b40c050f56b2d50f,0.06,0.18
crd_69b75104832b4cd6ada38b185f7bd579,0.32,0.42
crd_a2d28e5e695747fb95ebe50f891eb0b4,0.07,0.2
crd_6b4e0c325cbb46698922c45438b4f1a7,0.05,0.23
crd_6b3ab2c893c34e5989908e451259e1b1,0.19,0.91
crd_9db4390c3200400db02bf38305508d38,0.05,0.39
crd_4dff89f588a5466097978e9889eef559,0.06,0.23
crd_559add80c2b44fb0bc383708f59d11c5,0.14,0.45
crd_6571a57fd39542b6945b43880bccc254,0.07,0.21
crd_350f66335966462b90a118ec2d81578f,0.28,1.95
crd_f27f48f1eb8642a39de3ea91df67ccfc,17.59,77.32
crd_407bb2a4ff5c4d46b0e4e76cbc2be949,9.76,21.81
crd_e74ef94562b9440e8dd95ada098728d6,2.54,30.61
crd_3f9c08ed5eae46f98e593890c2ec975b,0.07,0.31
crd_49b96ca319434f588d5d36b30597c832,0.1,0.4
crd_45037644be034dad9ec46ffdabcde550,0.25,0.47
crd_7f4cc9a32a834ebabaeaea3407d06dbc,0.07,0.2
crd_e17a4efa1eaf47e2aefdcf3b98d4f03c,0.07,0.29
crd_3be63bf0c46342acb7d08759788757b6,0.05,0.37
crd_59bf4857765e425bb663ea128e53ee0b,0.05,0.23
crd_5ad957ef62844bcaba344b0af0a5ff24,0.17,1.01
crd_1666aca597bf414e87a2cc320b7b2111,0.05,0.17
crd_19a7e851b7724bd58b285b76eb387c5a,0.22,1.28
crd_e70380b0a938449cb7e2b433737ec824,0.13,0.85
crd_f1f7e5ef15f04872a721d1792aa677d1,0.1,0.44
crd_a7c6d3aa2de6462f8d205d70a8fcc54f,8.07,22.08
crd_df33509235464d18becdd63bd8ce91eb,0.08,0.34
crd_a6ae2c14b1b849488f1e8c8744401a05,0.09,0.8
crd_0df4378c1d3d40409014b2502a9926b1,0.11,0.42
crd_3f328e2a6ea741bcb31348ee2954b3e8,0.06,0.18
crd_6e0a4c7a191f4e6fbdc58193e35bbc7c,0.06,0.18
crd_3c0355d3cc2d409e9b10876744aa534a,0.22,1.25
crd_81867e9c25c44f33aa150e70b57bb4dd,0.05,0.71
crd_19c135ff62f2427d93b3131114b4c10b,0.21,0.82
crd_a23c99ed9f3243969466fb000bd139dc,0.38,2.73
crd_ce469941c08b425484af9a8c69eb8ce1,0.07,0.19
crd_1a45dd7bd500476991afd5bb75f173b2,0.38,0.48
crd_f6c70da42b524965bcd4f7d6d86e8437,0.09,0.6
crd_2a6cd27f6ba44515827ed800f377cdbd,0.09,0.54
crd_63c2ca66eeea417b9079d833e0fd88d4,11.33,36.45
crd_2bd7564121d5445ab350345c91a45ef4,0.1,0.36
crd_8d5ff9b706fd4f59b44e0ca52638a257,0.07,0.22
crd_a5a7e2a876b24835aca7fd5cd5408e0d,0.03,0.21
crd_2556ec8a10224e6bb75f2bd54e7a612f,0.15,0.91
crd_e372495979314c78b3613e2b19c30366,7.13,30.81
crd_c401f199cd7046b4838589db368f2391,0.05,0.23
crd_6b26bc2dda6e49bba695529a039dcaee,0.36,2.43
crd_071ac28029b947ea8bf6b77d287ff401,0.06,0.21
crd_7d72a31f03964ae2b79110b788039b73,0.14,0.98
crd_de24a04b1d83417594730a5036cfc2a4,0.29,1.22
crd_47e91685dd1f4021908561ca134dfe94,0.06,0.2
crd_02e7c0b1ef054407a29dc95b1a8d7d9a,0.11,0.5
crd_91e0b5934fad4b74835dd274b02d484d,0.04,0.22
crd_3d8ce215614244a483a06d6ecf99c2e2,0.05,0.22
crd_4a9c161784fa428f843e9b76858abf96,0.27,3.01
crd_39139dbf0feb48b1924d20cc03c58d47,0.16,0.78
crd_43467fa51d7b4bcc9ebe110d9fe9e3b9,4.53,15.68
crd_76258afdc2084ca2b2657664bbca3efa,0.07,0.32
crd_eb91a973f3ff4394a919aab77d9c71b9,0.1,0.69
crd_fcfc387c36dc450c93bb85840e3b6957,0.19,0.88
crd_cb6a73f229b646c8bf57adbb4356dbd4,1.49,7.03
crd_0de7275633824d0f8b48461aa047a472,0.21,5.59
crd_8f64870b7d4f490ea13c8da48ebe514b,0.05,0.18
crd_aa19240342864dd7a428b95c5b6a85b6,0.06,0.37
crd_2c6eae027003403c832a8463afbb6ec0,0.14,0.62
crd_33db0577186a4483aa85190fd0496d90,6.13,23.77
crd_33a1cfa2557e48ba8b7aac42a10592f6,0.05,0.21
crd_e6bc27d53eb341549fc31d79de6ddb7f,0.11,0.38
crd_cabcdb68fdc14360a495869d3e7fc281,0.07,0.23
crd_9600ba030e244c31becf34a3bf0822af,0.07,0.5
crd_ec7df19190b24fe1a70ac895f40b5853,0.28,1.05
crd_0b0cf12160764765a874a7fdee924d25,0.13,1.63
crd_217eb0feed8b46fea1b5dc6c0b2b9e12,0.4,2.19
crd_25c3b767ba91433682a1643b31b7645b,0.06,0.23
crd_e854c2e94f504118b3618ae2eb10a195,0.12,0.4
crd_c165a1025f82402fa3834ed4c9da14ba,1.02,9.66
crd_665baed36bfe4c0194ea9e3b22b19ac2,0.06,0.22
crd_4fa7d5ae1044415e8ad8c609a527498c,0.35,1.29
crd_fdde46d849ab42f894ccc15e3cd38f12,0.06,0.29
crd_097bd499debd459f9ce55afa7bc72d66,0.04,0.19
crd_4dff2ba7b2d744a1a6c33741e2c1fcf6,0.09,0.35
crd_6a986375d35444ad9660332cda624a14,0.07,0.36
crd_d32d5f07d1274a6ebcf0e8e437155768,0.18,0.84
crd_94245aa3b4a241379cf9f7fbbf7f6cd7,0.3,1.52
crd_74dbd9f579a34dbbaa8cd2139122ee97,0.03,0.27
crd_9f35462bf6cc430f89c193d85507ea73,0.17,0.66
crd_3325b070fe8b4709b756066f49ba3b3c,0.13,0.21
crd_b2976a87410e4dd5a753e7f871c2b6fc,0.09,0.28
crd_fdbf31b467214b229b4e4f149c487a47,0.08,0.34
crd_5fa3eadb1c984d63b845035c1e227af9,1.22,10.61
crd_5fb3a8282fa34c2bbeb9a56b4ccc7e36,7.78,14.93
crd_86981ec7570145568aecd428c2b88101,0.12,0.61
crd_3a299da6bf864690a188f07aeb55ffdf,9,17.46
crd_327f997026094ec49f0dc7d77e4628f5,0.05,0.2
crd_eb6216aa3f6b4cccaf6216809f915658,0.12,1.34
crd_48cd856a0632489c916bc354a3090cb2,1.07,9.25
crd_151c0155aa7c4f4fbec1bdb3a10f2676,0.05,0.33
crd_24031addb4d1417482177b19c5d8edcb,0.14,1.66
crd_8e6dc19330d3414885271a4243ca3da4,0.06,0.19
crd_aa294faf68c14f559c22e0e79a6c101e,0.06,0.28
crd_540aa5414bc94516a563bab640ced601,0.28,0.93
crd_22373df684c0420ea90d2f8508ac096c,0.23,0.79
crd_a9c86e6316084d76a03b32be95977091,,98.69
crd_35c968e4b25945e897940860221f9d51,,268.95
crd_cbc18e77d7ec4d50bf19650a9a559686,,809.78
crd_5739e1f6076840cd901a1bc283ca6e96,,173.79
crd_ae7e91462bfc4861bbf97e99ed53a1c1,,119.36
crd_1a8604b7ba6c45e2bc8b32b0a70d08b5,,108.05
crd_7c621010e3e6471d9916eee4bcd0b11d,,96.82
crd_f839f8a7cb9a47ae962503f3ea69bec5,,248.91
crd_72fe56f4aa85484284d8e3632d06ad9b,,174.37
crd_021c1d57c42d4fb7836097cbe9eacfb7,,248.85
crd_80cf71e223cf491796609458b2866665,,144.88
crd_b42271147bf14a5e89d33571e64abb6d,,296.39
crd_80c9df6d04f94ccab3df1e24619e21a3,0.03,0.13
crd_a853bb92fbe7486ea510a97f6a8494e2,0.24,0.63
crd_edb9044de69d43319f8a3eabb7111333,0.2,0.89
crd_4dcd2225913d4c7b8ff2527a2b1b3fb7,1.1,2.55
crd_a0934af0f0b04689914f8e20d868c1af,0.04,0.11
crd_2ea290775cb046cebfd884af9fd14fb6,0.05,0.33
crd_c0153fff146d4250aff6c03e0e1744aa,0.07,0.18
crd_dd1edbb4a44c4017a3aabb30184c0888,0.26,3.18
crd_294d9cff39f64e0394a0af134957afc3,0.05,0.27
crd_17b54146ce0942e29c41fd91356c1940,0.37,1.49
crd_4047afdc24734dc081571f81815febd8,0.16,0.99
crd_497f584c0a1d45e3aea9795cff7150df,0.12,0.41
crd_9939fa3d69c24dc1ba7479c32d541229,0.11,0.7
crd_9002164290424cb1911b9817cf1abf95,0.04,0.12
crd_74dbff9983194285973b48e74a2c3f90,0.06,0.32
crd_a8b84c38955448fc8e9851870f2829de,1.09,3.25
crd_e04ecf128d0b4bd59c3764ab5bcb978c,0.15,0.72
crd_0f2a801e619f4b5eba26e139a30e49ef,0.18,0.34
crd_42b2c061d90345869820c14b4bad81ee,0.03,0.2
crd_e621d41552194ed9819082de86d7d7fa,0.09,0.13
crd_59c6d7badfc34295857ca0743b40ceca,0.04,0.14
crd_58e889f440504f44b3283ed76f3f54a4,0.06,0.29
crd_8f1fc76631484555b4722899212d5625,0.09,0.18
crd_982da8b7486a480fac3fd751a353a4eb,0.21,1.05
crd_a7946badda8f45c59504dc3df868ac26,0.11,0.45
crd_c7bbb74e75664ffc99444f764f2375f0,0.07,0.26
crd_258d12e6617d4e648d73be028f191b40,0.04,0.12
crd_5b7424c24743452289505b89cdf16f9b,0.21,0.74
crd_29586917a2974607a3961531ff425f4f,0.04,0.23
crd_9f0c12874b204c0f99d48aa7ddb68c51,0.06,0.21
crd_f192e99706074455884cf28efb9ee03a,0.15,0.48
crd_15a22d22153042c6ae825f60587268f1,0.06,0.14
crd_eaceb59bf4e6464c98ac6c6c37fccfe3,0.04,0.15
crd_0c75f068ac98487f9544d1bce3858b39,0.24,1
crd_bf3808fbbb364067a497257398cf353d,0.03,0.29
crd_28b38ef0a82544318f15540b4351041e,1.5,10.59
crd_66c07857c8554f0e838323669a19ffa5,0.07,0.16
crd_140b4894a53d4884a4ec1e15dab9319a,0.09,0.25
crd_a7a6c097879443db9bb5299c7017fd20,0.96,1.97
crd_dd2e51f86dbb42e59b5b378170b9c189,0.06,0.27
crd_d469872faa0b4f0fb50d4a0dbc521211,0.06,0.26
crd_178373b0fe2f483b90202bfeb6014e0a,0.15,0.63
crd_5fb77165fcbc43e99fc15c3d64426b65,0.06,0.27
crd_2eb85540f12446e38d0eef16937315eb,0.08,0.26
crd_21cddbd22cb445fbb3b810abe4ecbaf6,0.19,1.16
crd_b61f1e595b3844cdad00a05ee402457b,0.03,0.16
crd_6505ff3398e942299cadd1b3995258cd,0.05,0.13
crd_65f55cf2eedd49668ac8946ebd4d2105,0.29,2.07
crd_bdc1291ed02b4526802da87554f615fd,0.07,0.19
crd_217effcb1f034d1ca6e36929cce6f11d,0.06,0.19
crd_4539b94483584e5591a52ff5f95348ae,0.04,0.19
crd_26639bb10e744e3ca745b81492084497,0.15,0.35
crd_8f5bdfa86b31418bb75a251ce2ebd313,0.09,0.32
crd_2d0021113d084cee92cd6b33f104c1b4,0.45,3.87
crd_f71295d13f8441589472b5a993df7372,0.03,0.15
crd_8702d63bf6f64674b5871fa1373a1221,0.04,0.14
crd_3bee770abeec4669a01be3a0e307cf14,0.07,0.27
crd_d7277fc755604989840cc645a4324ba9,6.37,9.46
crd_09c5139c68724642b9f7e54f50264473,6.46,7.56
crd_44c51a9b55cd433fb569767a78ebf976,0.07,0.23
crd_2712b680c8c541bc868af5e0e208d295,0.17,0.61
crd_388773c70283456b87414157b1eebd98,0.03,0.13
crd_d06befe89918438384a8d38e7acea2bd,0.05,0.21
crd_1f22214638bd46d089a6751e57dfd829,0.15,0.6
crd_61d6a3538b6e40389baa4516d896cf06,0.05,0.16
crd_57067560f7f0499da43dd94731e85552,0.05,0.17
crd_3d71ecca4c6c4ec8ba289a785f237535,0.07,0.18
crd_70a2a01e064142b0a132d9ce3a86a293,0.14,0.49
crd_38b8a802fe784ee286fd81ddc09ea7ec,0.41,1.67
crd_af531020efc14cb38f4ffeb159eb8eff,25.17,34.7
crd_abd789362dc8479c8dc89e89859b6a6a,0.11,0.88
crd_96a14bbf788e4a138b05f46f08c0fa47,0.03,0.14
crd_773d33f2fd1e4f54b3a47363b31ebce1,0.04,0.16
crd_56206ef4f9ec4b82afc4a656d41e5ba4,1.24,4.53
crd_5417eda101854e4e965af0714d41cb8b,0.13,0.44
crd_0ac3ee4c2bb043a280fa2e4f7f6505e7,0.16,0.54
crd_b0d75ae5da0646e797f1563c8811e629,0.04,0.17
crd_762ed07f53ea4ca6a4cf7ae20ed53535,0.17,0.52
crd_bb689737789640e98f540464691035a6,0.05,0.2
crd_6cb1a1b4a1e447b19a2a22c63e15dec9,0.07,0.38
crd_ca58ca94b74e4df8983b1eaecff999a3,0.06,0.19
crd_3b8a6e3644374d98828747b29622e053,0.05,0.23
crd_618b8dca0fe24706aae51c2c75736dd9,0.16,0.86
crd_e7fa7e2b66a6410b9baafd7d7e46f119,0.1,0.47
crd_07556ab263e64b3e816e9b094893b497,0.12,0.45
crd_e99a28536b8c4a7e98db8ee70e564fba,0.06,0.2
crd_c7b6cf4db56e43acae3ec918308dc672,0.21,0.91
crd_79e2d6da18c84548bfc363e1aea10da1,0.19,0.38
crd_cd05e8e7bb5c434cba3487e6f2aaf7ed,0.04,0.14
crd_12e044565cad4dea9a798105ec0df2f2,0.78,5.59
crd_da27f6ea33754e3990af2592197c8c35,0.02,0.14
crd_6c8b36633fae4e9c9106e63af43934eb,0.27,0.64
crd_d02ae657899e4523a0db31c20bdb03e9,0.04,0.13
crd_afc3862d2be34a6893a1d99cef9c90e6,0.03,0.09
crd_dbd4475720c8479481050b2ba6ef3c5a,0.4,2.58
crd_ab7661f7212743ee9509dc6f2546baa6,0.06,0.23
crd_57e2c4722d1b4d5c96a196415c1ca434,1.5,4.04
crd_8bea9b8848964337b64e2ceed5c41302,0.07,0.22
crd_03e583258e944837bd3b9f4772c45f8c,0.05,0.24
crd_58f8144b0f884b70a2a6b946ba8377cd,0.08,0.33
crd_765e58c338aa4f4aa667d89198ec741b,0.07,0.44
crd_5b7970f5f54d4311882227c856ac28ac,0.17,0.56
crd_c3acd1c879e645779501109c65580c93,0.06,0.28
crd_35af1bfc231746a3914e8e02bb3b8afa,0.03,0.16
crd_8fe17bb9974247b18e4180d4e4df3ab0,0.04,0.19
crd_7cdbe543d7e447a6a84144d85870b3b9,3.51,8.8
crd_2079d6704f3a4822be89fffeb6ed32dd,0.95,3.81
crd_606b261078744cc8819ce42293651b88,0.03,0.15
crd_90c1d84c1ab7490897021c0eb19f781c,0.07,0.33
crd_de5bf1478737423d8469d662e40a89d0,0.04,0.21
crd_bbec90ced5704bd6b427c55fcfc0e3bf,0.03,0.19
crd_4a59e793877041acaa1b8bf5543d85b0,0.08,0.24
crd_d9c43964a9e84935940c0e01e52a7e6b,0.22,1.37
crd_d716dab053a54d448c9544db720aa77c,2.69,3.56
crd_263c69baf83347208e5cd76863a4afd9,0.06,0.27
crd_3ef4ed482d774066a82884d9424efe5c,0.05,0.2
crd_5c2aaf063d1f46c89b17dae93940f47c,0.1,0.33
crd_8ae1e6ad39e04645b85489774efd1418,0.04,0.26
crd_eb12e8151688469f9b259778c64812ca,0.12,0.34
crd_42751c368c5545afbfc23be49ae65519,0.05,0.2
crd_e79d0ba09f4342b5a7a3ffe96ebef508,0.19,0.47
crd_37a7ae2b078b415aab3dff267ca8c86d,0.04,0.17
crd_2224596386434e1cafa9972b63cdf6e1,0.14,2.13
crd_36f13b7802ed494fa436673cf2a765ea,2.77,10.5
crd_1f7b39db813d495ea2aebf5c8e7ddcbe,18.51,21.73
crd_bf643690c507479592f493f27a9dfeb2,0.03,0.1
crd_b90a24aba39e4054897969f472657dc9,0.43,1.61
crd_2853060e0d9f479aaf19095e11706ae8,0.13,2.91
crd_40dfc709e42242c8bf1a905735708345,0.48,1.89
crd_be06b6df39cd46c2a192ae1be15fb42c,0.23,2.61
crd_32f858adfcc74249b32a879235f871c1,0.19,0.52
crd_26599f04c2b242a194da9d9207b944b4,0.06,0.34
crd_20286eaca8e44e0c8527a00bf07be1c7,0.06,0.1
crd_0377cc62eb6044bc808843bbcd39eb48,0.05,0.36
crd_af45f5f03d0944e79c47f0375cc9597a,0.21,0.7
crd_ed931c16cb0142469bd6f7571576d61a,0.04,0.12
crd_323c71c954624f77820944871a8100bd,0.05,0.24
crd_03719aa382e14078a9b8a9c35946e850,0.52,0.65
crd_268651d4999a481faa22b6598a4dea0c,0.74,3.82
crd_f6e236483db94d5cbd74ec3d0c69f685,0.24,1.46
crd_4b28e79eba2d4d97bfcad188fd8db943,0.07,0.18
crd_0e74340fa12045cb9bdb4824d72f2ad3,0.1,0.31
crd_b792d79485f44ddd8d1fb20b25cb19a3,0.04,0.15
crd_e5268062a91d46d1b89bd272a3f8c043,0.06,0.26
crd_d555fad606ee4b13b0493364de8c4cda,0.05,0.26
crd_9b50f321f3a44275b82b5e49b6766c7c,0.07,0.15
crd_162d0aec8da44e1d88e84982dd524156,0.05,0.18
crd_08cbc914c0634bae8d6932b81f7bcdcb,0.13,0.25
crd_f4f749bc095641e1b953b1784a6efa51,0.07,0.26
crd_d7ce71c1b8814223bb8f1d9ed75cdfb6,0.05,0.16
crd_551090cbc3134b44b9736a0fd5320b3a,0.03,0.18
crd_02bb98b56ae0427abdd944699f1bda1c,0.13,0.38
crd_7cfbdaa5c45f4ee9a73d3359c2f206c7,0.14,0.41
crd_3dcdfd3bf35341d7835d5b51893bd0cb,0.13,0.88
crd_bcef0c1c280242a8878b505860c6d89b,0.05,0.27
crd_6cb237f1ebb641b1b4eded004068e865,3.37,9.17
crd_a5ecfd31d79b4556ab6bf7233081349c,0.02,0.14
crd_9ddadbe1950b402696855e6668e5cf8f,0.83,2.39
crd_a2ef85d2f5774b6d910349770f5db42e,0.2,0.61
crd_ba5d06b298f545f8a2df2df6accd3294,0.06,0.26
crd_835ae01a69684fe7af625817ecb51341,0.03,0.1
crd_01a9a94d42824240b555d065d5f5f715,0.05,0.33
crd_3185489386dc4b9a833fec1e0668d65f,0.05,0.19
crd_c894fefd53624306a2a7f29942641a9c,0.03,0.17
crd_e0862c1712b84e8eafa76836362c9870,0.18,0.42
crd_e8595996603e4e3ab8d772a573e75f5b,0.11,0.51
crd_11587e02677148c28e30eeaa164a2569,0.22,2.16
crd_53adf0c7c527414ab222421a8b5e4ef3,0.1,0.92
crd_e993888b82a845c698effa4248c9a980,0.15,0.48
crd_0d7681a6ac944b5aa5606946cff8ebd5,0.05,0.15
crd_2e7bad8041bf496fad79f3ad42a4fd89,0.08,0.59
crd_7f533fd75db94b9da5770ff4daa062ce,0.04,0.15
crd_8b213fe23fec4f629b8368b197d7d7c8,0.06,0.16
crd_4bf96e5f5d6146ed8ccc1b2021393803,0.04,0.16
crd_fd34f98e6230426fb411e1fd8528a7dc,0.38,1.22
crd_aca54534108b43fcb881cb411581c618,0.05,0.11
crd_6d38ee3cce1e48ae9a8e945734ab950f,0.07,0.24
crd_dd040ced1dd34dab9d822a6584cdc41d,0.08,0.27
crd_da097130ff544f99b4ff980b404c053e,2.59,4.5
crd_a31f635bcd1f479f86d0a7d15c17e6c9,0.21,0.4
crd_91f835d4527741b8b1190e6695d55698,0.18,0.58
crd_8f6772e3a731466797fceabc9e3543d1,0.04,0.24
crd_b99de29dfb744a0184319f957208d126,0.05,0.24
crd_308aa649ad114f3195d950a5a60586c2,0.04,0.16
crd_df2a4ae009034326bac684df1aac9287,0.1,0.38
crd_989cc7ce93b04fae9388328e9f46d840,0.34,1
crd_7295a54624614f55a8d469d9d6b2e502,0.97,1.81
crd_bc7f7f83093148e6b3f0adb729b6bd61,0.07,0.21
crd_029ec16d7f294ef0a9e2b924ae6819ce,0.03,0.2
crd_0fce6ec303a44937ab4b3f6ace5d4f5c,0.37,0.95
crd_e66f39ac0f6a44b0bd2f7ffbd633cf9b,1.01,3.35
crd_dbc5f2c9f1cc41ebb7b6ba6c9133a942,0.12,0.42
crd_498044d6e5da4eb3868df6a6d0c058d4,0.15,0.46
crd_80c0754783744500af77590d9234826c,0.03,0.1
crd_9bf4859e7a784073aa4b4de08c5211f0,0.12,0.44
crd_51a5b016b78e4a22b0f2b527a65d2147,0.09,0.54
crd_8d3ed88361eb4e9e8af1cc1658ec69b1,0.14,0.55
crd_bf617c80f0c9417a8434ffa4428e7911,0.05,0.19
crd_b54632a900e042c39771ae748820bf43,0.05,0.17
crd_5359fd5a9e4f43568d3419a2cd737640,0.17,0.77
crd_c7979a7d0305443eb9ddb9b10469644d,0.06,0.43
crd_d12740d7854a4ff69d2921c943454bc8,0.15,0.33
crd_a8ad84833e7f41d5bf65fe1787c65fe3,0.16,0.58
crd_d30e4b994223457c8b38bc696aa91e06,0.05,0.19
crd_eaf7db4a652b47939bddb0db4c9030e9,,88.2
crd_b20587f1945e42d59b750f9b69cc4a6b,,67.4
crd_7bd65d4574434dd3ba908203c8cea774,,51.87
crd_68c45595c25041f3bcf2073a5b533edd,,65.05
crd_34dd94ad32194a96931c9e2ff311ad26,,64.64
crd_45acf301d7e2469fb961cc1f06bd2889,,41.57
crd_93ab5d88940f4610a375a928963a570f,,198.17
crd_54e413e671dc4fa3872b3481db960d47,,63.47
crd_3694abe0d09349ca9dbef6861ea42f5a,,112.75
crd_3088ee50256240d0b22c045f593df9a8,,85.45
crd_d0714091b2a14f478e2d7704c8eb50d8,,123.93
crd_016db7e8b21348aca4b407fb6d2ce26d,,33.47
crd_6155d5f7f7da4f3da02d755d51f10fa7,,81.07
crd_20f6a0577b714cf393648a074b1f0bb2,,70.12
crd_79195cfde0ae4948894c37bef02d9e6f,,32.55
crd_94501fb9ecad49e9a81cd51f7c31dac7,,184.33
crd_8ac9f95c19af4213b7c6aed341965206,,55.72
crd_ae2a969b746542268ff0bcfc735ea367,,31.69
crd_86d6559da2404639813a26adaa8ccedf,,7.46
crd_40af5ff824594a7a899021662e0210ca,,3.69
crd_bd9957831e61475fa527ff77c2976f40,,3.14
